Total amount Withdrawn,No Of Withdrawals
503400.0,98.0
123800.0,50.0
287700.0,74.0
945300.0,265.0
767900.0,253.0
578100.0,105.0
161700.0,36.0
432000.0,97.0
958300.0,221.0
631800.0,164.0
519100.0,119.0
105800.0,29.0
692070.0,184.0
479800.0,92.0
730000.0,197.0
480700.0,96.0
134700.0,43.0
336600.0,75.0
557300.0,184.0
464800.0,142.0
468900.0,131.0
60200.0,23.0
200300.0,52.0
577100.0,148.0
636000.0,159.0
729400.0,149.0
136500.0,34.0
692070.0,184.0
261600.0,78.0
831200.0,213.0
500200.0,115.0
158800.0,38.0
403200.0,88.0
794200.0,201.0
605000.0,166.0
657800.0,124.0
292700.0,57.0
480517.0,150.0
316000.0,74.0
1064300.0,226.0
383300.0,80.0
124000.0,35.0
170600.0,40.0
821800.0,187.0
315600.0,114.0
721900.0,143.0
239500.0,53.0
376100.0,100.0
822800.0,189.0
788500.0,246.0
429900.0,98.0
183200.0,38.0
397000.0,90.0
861900.0,171.0
501800.0,139.0
517900.0,112.0
122800.0,28.0
411900.0,86.0
1016100.0,230.0
560100.0,137.0
411700.0,103.0
81200.0,22.0
510300.0,143.0
771400.0,223.0
506300.0,184.0
458500.0,109.0
91100.0,25.0
373000.0,91.0
876400.0,238.0
451400.0,179.0
163300.0,52.0
115900.0,24.0
206800.0,53.0
321400.0,119.0
200500.0,97.0
154100.0,42.0
55100.0,17.0
95200.0,36.0
274100.0,99.0
205300.0,77.0
100000.0,40.0
129800.0,37.0
126800.0,46.0
524800.0,188.0
221900.0,72.0
343100.0,86.0
163600.0,29.0
380000.0,82.0
831200.0,225.0
405200.0,123.0
428900.0,106.0
79500.0,33.0
446800.0,124.0
649200.0,183.0
537700.0,152.0
298000.0,89.0
81700.0,25.0
571300.0,140.0
445900.0,120.0
565500.0,163.0
350000.0,67.0
86600.0,21.0
386800.0,90.0
581500.0,193.0
450400.0,139.0
363600.0,93.0
85400.0,25.0
465300.0,95.0
683300.0,196.0
455600.0,151.0
288500.0,87.0
36800.0,18.0
212500.0,45.0
290000.0,110.0
352100.0,134.0
247800.0,85.0
103900.0,26.0
410800.0,100.0
800500.0,207.0
498900.0,153.0
363100.0,83.0
139900.0,39.0
325900.0,89.0
617000.0,178.0
439300.0,140.0
248200.0,91.0
40500.0,18.0
258400.0,69.0
485900.0,157.0
255400.0,134.0
402100.0,93.0
83300.0,26.0
336300.0,96.0
722900.0,181.0
461500.0,147.0
191800.0,77.0
71300.0,22.0
254500.0,77.0
874200.0,193.0
336300.0,126.0
384600.0,82.0
163500.0,53.0
692070.0,184.0
463400.0,87.0
428000.0,124.0
194400.0,58.0
41100.0,18.0
277200.0,75.0
517100.0,143.0
296400.0,137.0
526000.0,96.0
70800.0,23.0
692070.0,184.0
369100.0,91.0
515100.0,142.0
268600.0,67.0
52800.0,17.0
300000.0,80.0
809400.0,260.0
529300.0,194.0
472000.0,104.0
79200.0,19.0
714600.0,133.0
1159900.0,271.0
714900.0,164.0
616800.0,116.0
143300.0,37.0
638200.0,118.0
1043200.0,243.0
610800.0,153.0
555800.0,126.0
130500.0,31.0
285100.0,71.0
728200.0,193.0
776400.0,217.0
617800.0,138.0
116500.0,23.0
766670.0,194.0
436200.0,93.0
361600.0,96.0
580200.0,141.0
109600.0,30.0
474600.0,96.0
1152400.0,245.0
717900.0,246.0
714200.0,139.0
68000.0,36.0
421600.0,87.0
896900.0,196.0
856500.0,197.0
671500.0,121.0
244000.0,67.0
359200.0,88.0
936300.0,223.0
673500.0,221.0
600600.0,129.0
201600.0,34.0
280100.0,71.0
866800.0,197.0
663600.0,176.0
397700.0,97.0
149000.0,43.0
263000.0,80.0
470400.0,133.0
759200.0,215.0
475900.0,100.0
223200.0,41.0
417400.0,97.0
1120400.0,223.0
900000.0,216.0
620200.0,111.0
180900.0,43.0
365500.0,83.0
1159400.0,244.0
625900.0,170.0
288100.0,91.0
74900.0,28.0
119000.0,40.0
370700.0,137.0
359400.0,145.0
365800.0,86.0
117000.0,33.0
173100.0,38.0
791300.0,207.0
413100.0,153.0
362000.0,98.0
123700.0,34.0
357700.0,93.0
890100.0,208.0
499900.0,154.0
277900.0,65.0
23700.0,14.0
147100.0,55.0
482200.0,162.0
317300.0,131.0
292300.0,77.0
99700.0,26.0
292600.0,77.0
998300.0,230.0
549900.0,160.0
242200.0,64.0
141800.0,35.0
200600.0,66.0
543000.0,159.0
484200.0,167.0
454200.0,113.0
54300.0,15.0
399800.0,74.0
858300.0,198.0
441400.0,185.0
347800.0,101.0
56000.0,20.0
169400.0,62.0
302100.0,132.0
407300.0,165.0
285600.0,72.0
64200.0,23.0
143200.0,61.0
659200.0,176.0
456400.0,158.0
350400.0,81.0
142500.0,35.0
370800.0,100.0
624300.0,170.0
479200.0,145.0
434100.0,84.0
91900.0,31.0
265700.0,63.0
704500.0,179.0
379700.0,142.0
205700.0,67.0
74700.0,30.0
255600.0,76.0
647400.0,173.0
391600.0,127.0
291300.0,85.0
33700.0,22.0
200500.0,70.0
552700.0,178.0
339300.0,132.0
608300.0,132.0
119600.0,23.0
375800.0,91.0
780100.0,206.0
470600.0,169.0
300000.0,91.0
18000.0,15.0
283700.0,67.0
191700.0,76.0
8100.0,7.0
354200.0,105.0
149000.0,39.0
398900.0,112.0
960900.0,229.0
572800.0,157.0
603900.0,109.0
88100.0,24.0
701883.0,184.0
522800.0,108.0
897100.0,246.0
467800.0,114.0
167800.0,40.0
359800.0,80.0
823400.0,198.0
593000.0,170.0
342800.0,66.0
109100.0,29.0
405100.0,94.0
1043500.0,242.0
766800.0,212.0
580000.0,122.0
237800.0,56.0
333000.0,82.0
571200.0,155.0
445500.0,162.0
552900.0,95.0
97200.0,22.0
365300.0,77.0
870800.0,199.0
891100.0,204.0
372100.0,96.0
124700.0,25.0
423600.0,84.0
822500.0,198.0
742800.0,222.0
472800.0,107.0
123200.0,40.0
325000.0,85.0
477300.0,133.0
668800.0,177.0
554300.0,105.0
310700.0,72.0
184900.0,53.0
905000.0,209.0
755200.0,207.0
747200.0,156.0
146900.0,29.0
467100.0,96.0
899000.0,218.0
733800.0,220.0
338600.0,71.0
113200.0,22.0
178100.0,37.0
464500.0,119.0
339700.0,96.0
416800.0,87.0
131600.0,38.0
473000.0,110.0
721400.0,181.0
514100.0,157.0
701300.0,135.0
132000.0,41.0
527700.0,111.0
889000.0,196.0
742300.0,198.0
355700.0,93.0
134700.0,41.0
153200.0,52.0
282000.0,113.0
301800.0,157.0
474700.0,100.0
76100.0,25.0
283200.0,77.0
804300.0,212.0
566800.0,160.0
514500.0,94.0
111200.0,33.0
183900.0,61.0
758300.0,185.0
513000.0,145.0
437300.0,95.0
131200.0,38.0
220200.0,61.0
835800.0,203.0
525600.0,152.0
380600.0,92.0
76300.0,23.0
238800.0,55.0
579700.0,171.0
395500.0,124.0
362900.0,83.0
97400.0,27.0
290000.0,74.0
670000.0,170.0
533600.0,183.0
355400.0,96.0
94300.0,32.0
345600.0,92.0
567600.0,187.0
544000.0,214.0
300300.0,92.0
9200.0,6.0
164400.0,48.0
278000.0,111.0
395200.0,142.0
517800.0,110.0
99400.0,27.0
287700.0,60.0
725500.0,219.0
336000.0,138.0
259400.0,76.0
47600.0,27.0
250200.0,69.0
747100.0,205.0
288500.0,145.0
480300.0,93.0
52800.0,15.0
237200.0,55.0
798500.0,210.0
465300.0,154.0
370400.0,75.0
34000.0,16.0
304000.0,61.0
561300.0,161.0
365900.0,112.0
231700.0,56.0
37900.0,26.0
206500.0,52.0
592900.0,176.0
390200.0,137.0
448900.0,94.0
41300.0,17.0
215100.0,62.0
812800.0,205.0
320500.0,120.0
360300.0,98.0
88800.0,41.0
286200.0,58.0
333100.0,117.0
332700.0,108.0
493400.0,132.0
144200.0,32.0
263600.0,72.0
578100.0,190.0
410200.0,128.0
523300.0,117.0
108600.0,30.0
298000.0,80.0
832200.0,202.0
538800.0,191.0
627600.0,136.0
110200.0,32.0
399600.0,100.0
849400.0,200.0
475100.0,152.0
629200.0,127.0
131800.0,39.0
514200.0,96.0
962300.0,225.0
456500.0,159.0
541600.0,113.0
101600.0,34.0
737400.0,143.0
999400.0,225.0
826000.0,246.0
534800.0,114.0
112700.0,28.0
382500.0,78.0
919100.0,221.0
615700.0,185.0
433000.0,108.0
167100.0,41.0
423900.0,88.0
718600.0,203.0
738900.0,203.0
412900.0,70.0
101000.0,20.0
295600.0,71.0
690500.0,179.0
608500.0,178.0
634000.0,125.0
52900.0,18.0
237600.0,64.0
992200.0,212.0
524100.0,160.0
682500.0,120.0
209300.0,34.0
554100.0,127.0
875500.0,203.0
759200.0,234.0
615600.0,150.0
93400.0,33.0
504521.0,158.0
442800.0,96.0
754000.0,186.0
575500.0,129.0
276400.0,57.0
417700.0,87.0
783700.0,178.0
571600.0,178.0
576100.0,141.0
232000.0,67.0
328700.0,65.0
509300.0,109.0
397100.0,157.0
704300.0,114.0
68900.0,23.0
265500.0,67.0
808500.0,193.0
642400.0,194.0
362500.0,67.0
178800.0,44.0
463400.0,93.0
705200.0,158.0
436800.0,125.0
557100.0,115.0
253700.0,74.0
294800.0,71.0
560800.0,136.0
532400.0,174.0
178400.0,56.0
208500.0,56.0
268700.0,67.0
399900.0,141.0
362400.0,152.0
311800.0,79.0
105600.0,30.0
157000.0,39.0
727800.0,199.0
288700.0,92.0
531500.0,110.0
90000.0,29.0
468500.0,96.0
428100.0,149.0
508300.0,131.0
456400.0,89.0
68100.0,25.0
297900.0,79.0
468000.0,126.0
515400.0,135.0
268000.0,73.0
103000.0,38.0
174500.0,69.0
481400.0,120.0
538600.0,196.0
482600.0,96.0
154000.0,32.0
469100.0,96.0
315100.0,81.0
430500.0,122.0
217700.0,64.0
92100.0,27.0
273000.0,81.0
447600.0,100.0
673500.0,197.0
343500.0,82.0
171400.0,40.0
305700.0,80.0
638600.0,166.0
530100.0,157.0
246700.0,53.0
120700.0,34.0
165900.0,62.0
742500.0,164.0
361600.0,121.0
262900.0,74.0
73900.0,24.0
173300.0,51.0
536400.0,143.0
397800.0,161.0
212600.0,54.0
112300.0,35.0
402500.0,75.0
568100.0,156.0
552300.0,160.0
325700.0,76.0
79900.0,36.0
153700.0,52.0
277200.0,114.0
278300.0,126.0
55600.0,26.0
71600.0,27.0
246600.0,44.0
462800.0,154.0
251700.0,100.0
290300.0,78.0
62100.0,17.0
335800.0,72.0
536900.0,144.0
336900.0,127.0
359800.0,91.0
80100.0,30.0
370400.0,73.0
766000.0,184.0
402200.0,129.0
392100.0,95.0
77600.0,32.0
270500.0,61.0
512900.0,157.0
354000.0,107.0
348700.0,86.0
86700.0,20.0
270700.0,77.0
740200.0,183.0
382500.0,145.0
614900.0,125.0
22400.0,14.0
274900.0,65.0
1128700.0,235.0
813600.0,200.0
530000.0,100.0
98000.0,30.0
387300.0,95.0
959200.0,255.0
754400.0,211.0
520200.0,110.0
144000.0,23.0
429800.0,100.0
767500.0,203.0
1007100.0,249.0
585800.0,118.0
116000.0,39.0
582300.0,117.0
751600.0,254.0
1005600.0,254.0
406000.0,93.0
202300.0,39.0
423500.0,99.0
1013600.0,239.0
734200.0,189.0
563300.0,106.0
111200.0,32.0
336000.0,82.0
1053100.0,225.0
730500.0,203.0
436900.0,116.0
82200.0,29.0
392000.0,90.0
455500.0,132.0
168500.0,60.0
460300.0,96.0
114000.0,32.0
296100.0,59.0
1075600.0,210.0
649000.0,186.0
451000.0,94.0
190700.0,57.0
328300.0,76.0
726200.0,175.0
602700.0,209.0
644200.0,134.0
203100.0,36.0
542500.0,106.0
845700.0,193.0
828100.0,206.0
380000.0,93.0
151600.0,39.0
604750.0,182.0
123600.0,36.0
654400.0,171.0
507300.0,98.0
117700.0,41.0
484500.0,122.0
965700.0,232.0
903100.0,216.0
420500.0,100.0
211700.0,46.0
707370.0,181.0
429600.0,93.0
598500.0,160.0
382100.0,87.0
53300.0,22.0
141900.0,42.0
507200.0,155.0
608700.0,170.0
362200.0,95.0
65000.0,15.0
302700.0,79.0
632800.0,156.0
682300.0,180.0
306700.0,82.0
57300.0,18.0
174300.0,51.0
369300.0,104.0
393900.0,120.0
357500.0,95.0
77900.0,31.0
174000.0,57.0
922700.0,198.0
374900.0,138.0
331200.0,90.0
66700.0,23.0
267500.0,68.0
617000.0,174.0
549400.0,200.0
534300.0,115.0
131400.0,28.0
150200.0,46.0
788600.0,190.0
546100.0,202.0
462900.0,99.0
162700.0,39.0
224400.0,53.0
681300.0,170.0
659900.0,244.0
492000.0,102.0
194700.0,29.0
376600.0,88.0
854200.0,197.0
505600.0,182.0
467700.0,105.0
98300.0,36.0
160000.0,59.0
679800.0,178.0
588700.0,190.0
303300.0,86.0
86900.0,35.0
221000.0,65.0
401200.0,119.0
347400.0,127.0
402400.0,96.0
107000.0,33.0
604750.0,182.0
201200.0,57.0
668500.0,176.0
381900.0,83.0
120800.0,34.0
274600.0,70.0
606400.0,148.0
528200.0,241.0
272300.0,91.0
250400.0,55.0
309200.0,74.0
619800.0,162.0
547900.0,166.0
520300.0,125.0
267400.0,65.0
604750.0,182.0
532800.0,113.0
766500.0,216.0
282700.0,98.0
161200.0,39.0
444700.0,105.0
681300.0,211.0
737800.0,246.0
406400.0,115.0
147900.0,29.0
300400.0,64.0
503100.0,139.0
521600.0,167.0
361800.0,101.0
68700.0,32.0
170000.0,37.0
313400.0,93.0
385100.0,117.0
483400.0,119.0
136800.0,33.0
355100.0,71.0
534200.0,166.0
532000.0,141.0
500800.0,128.0
133800.0,34.0
346600.0,68.0
805700.0,192.0
441800.0,132.0
434500.0,96.0
85900.0,29.0
430500.0,116.0
820700.0,211.0
834200.0,213.0
478900.0,128.0
110400.0,32.0
292300.0,92.0
387400.0,159.0
499900.0,175.0
428600.0,107.0
110200.0,42.0
333400.0,76.0
637800.0,172.0
668600.0,213.0
696000.0,128.0
115400.0,33.0
388700.0,106.0
1007100.0,245.0
638500.0,194.0
663000.0,113.0
117300.0,22.0
408100.0,106.0
951900.0,214.0
653900.0,175.0
516500.0,111.0
127700.0,33.0
264200.0,71.0
648300.0,172.0
405800.0,129.0
569400.0,107.0
96600.0,34.0
723200.0,146.0
873600.0,201.0
907400.0,217.0
716600.0,154.0
343200.0,85.0
564500.0,130.0
771800.0,204.0
843200.0,249.0
631000.0,140.0
109000.0,27.0
476200.0,116.0
960200.0,202.0
742700.0,229.0
411600.0,95.0
130483.0,35.0
578828.0,183.0
356100.0,74.0
1195700.0,272.0
360800.0,100.0
121000.0,30.0
326100.0,83.0
500600.0,116.0
528900.0,194.0
392500.0,92.0
190200.0,52.0
420800.0,95.0
570300.0,167.0
798100.0,207.0
368500.0,88.0
174800.0,42.0
406000.0,130.0
683900.0,180.0
589700.0,165.0
288700.0,86.0
72700.0,20.0
657200.0,144.0
781200.0,186.0
592600.0,170.0
457100.0,110.0
89100.0,23.0
378600.0,96.0
657800.0,162.0
550600.0,167.0
440300.0,102.0
144500.0,34.0
289900.0,60.0
843500.0,181.0
499700.0,199.0
304100.0,85.0
88200.0,23.0
259300.0,55.0
463500.0,137.0
486400.0,128.0
413800.0,108.0
118500.0,43.0
248600.0,81.0
612900.0,165.0
656800.0,240.0
273900.0,89.0
138500.0,45.0
292100.0,81.0
254000.0,93.0
474400.0,235.0
566400.0,115.0
148700.0,34.0
370200.0,79.0
646000.0,154.0
674500.0,206.0
316900.0,87.0
172000.0,51.0
401100.0,80.0
510600.0,140.0
303200.0,129.0
446400.0,101.0
104800.0,28.0
351200.0,74.0
706600.0,179.0
454400.0,153.0
331700.0,89.0
132500.0,36.0
199500.0,57.0
485400.0,139.0
392300.0,150.0
487500.0,92.0
197100.0,44.0
285800.0,84.0
320000.0,90.0
574000.0,189.0
466300.0,123.0
124100.0,23.0
299700.0,73.0
619900.0,201.0
486600.0,142.0
387500.0,103.0
54900.0,35.0
87300.0,33.0
143600.0,68.0
529000.0,191.0
376700.0,103.0
76500.0,20.0
339400.0,84.0
758100.0,204.0
642300.0,184.0
286900.0,88.0
189100.0,35.0
266300.0,73.0
658300.0,154.0
402000.0,169.0
573900.0,116.0
130000.0,33.0
247200.0,74.0
594700.0,156.0
473000.0,143.0
570300.0,119.0
101100.0,28.0
332100.0,69.0
713100.0,178.0
483300.0,162.0
334800.0,85.0
76500.0,23.0
345800.0,85.0
833500.0,205.0
575300.0,172.0
440400.0,110.0
80300.0,28.0
430000.0,110.0
849600.0,223.0
622800.0,176.0
409800.0,104.0
111300.0,28.0
231800.0,74.0
667100.0,229.0
644900.0,194.0
637400.0,125.0
109800.0,23.0
388600.0,86.0
1028000.0,217.0
688000.0,183.0
641300.0,116.0
138600.0,28.0
282700.0,59.0
1039600.0,203.0
709400.0,167.0
496900.0,129.0
106000.0,27.0
381700.0,86.0
887500.0,200.0
739700.0,179.0
595300.0,129.0
126800.0,33.0
479300.0,111.0
762400.0,161.0
435200.0,154.0
525800.0,140.0
227400.0,70.0
543957.0,183.0
310900.0,71.0
297100.0,97.0
730000.0,150.0
111500.0,38.0
359700.0,72.0
883900.0,216.0
795000.0,221.0
485400.0,107.0
36500.0,14.0
360000.0,86.0
588400.0,157.0
392400.0,113.0
416000.0,98.0
39500.0,12.0
161400.0,56.0
581800.0,161.0
399200.0,148.0
464200.0,119.0
127600.0,39.0
493300.0,107.0
817700.0,184.0
670300.0,179.0
612900.0,147.0
105700.0,28.0
219500.0,60.0
735300.0,175.0
684500.0,239.0
564500.0,120.0
48600.0,14.0
253000.0,68.0
736500.0,182.0
392400.0,147.0
397200.0,100.0
97500.0,19.0
228700.0,54.0
474700.0,147.0
442300.0,142.0
434600.0,96.0
122300.0,27.0
305900.0,64.0
667600.0,172.0
450000.0,150.0
424200.0,99.0
53400.0,20.0
305200.0,78.0
290100.0,87.0
308200.0,109.0
417500.0,100.0
100600.0,15.0
222500.0,59.0
777400.0,182.0
436900.0,142.0
358500.0,86.0
52500.0,20.0
219300.0,55.0
493000.0,157.0
390900.0,129.0
516200.0,110.0
158400.0,38.0
225400.0,58.0
589400.0,168.0
474300.0,177.0
461900.0,122.0
93800.0,38.0
395600.0,96.0
628300.0,186.0
570300.0,234.0
491800.0,111.0
121900.0,39.0
331400.0,71.0
584300.0,156.0
775300.0,258.0
365100.0,106.0
105300.0,33.0
333400.0,92.0
903900.0,231.0
555100.0,244.0
423200.0,127.0
146000.0,47.0
213000.0,73.0
422800.0,155.0
610200.0,293.0
437600.0,135.0
94900.0,34.0
238600.0,61.0
700400.0,174.0
725900.0,264.0
269000.0,85.0
135100.0,36.0
116500.0,30.0
604900.0,157.0
323600.0,126.0
401300.0,96.0
87400.0,24.0
173200.0,62.0
638800.0,153.0
522800.0,164.0
369100.0,94.0
109200.0,32.0
221500.0,66.0
518600.0,152.0
311900.0,109.0
272400.0,78.0
130300.0,40.0
341200.0,80.0
336900.0,98.0
472800.0,173.0
663800.0,126.0
163600.0,42.0
424900.0,109.0
1040300.0,219.0
610700.0,281.0
347300.0,85.0
163300.0,68.0
228300.0,58.0
366300.0,93.0
588400.0,230.0
518900.0,126.0
128600.0,37.0
366500.0,86.0
782100.0,217.0
792700.0,212.0
609200.0,121.0
175300.0,42.0
343000.0,93.0
798000.0,209.0
620200.0,198.0
670700.0,160.0
134400.0,45.0
323000.0,91.0
813100.0,220.0
950400.0,218.0
209400.0,49.0
122500.0,28.0
373000.0,95.0
914800.0,202.0
774300.0,193.0
332600.0,87.0
101000.0,31.0
130900.0,35.0
392500.0,125.0
526600.0,127.0
519100.0,115.0
109100.0,32.0
399400.0,92.0
884200.0,202.0
868800.0,222.0
408600.0,108.0
113800.0,31.0
460500.0,104.0
538000.0,141.0
735000.0,191.0
605500.0,137.0
337600.0,67.0
258100.0,73.0
729200.0,180.0
827700.0,255.0
683800.0,142.0
133900.0,38.0
345200.0,79.0
674100.0,173.0
640100.0,180.0
615700.0,118.0
210500.0,44.0
582300.0,110.0
952300.0,204.0
729600.0,236.0
468800.0,110.0
112300.0,28.0
442500.0,97.0
795200.0,182.0
585200.0,174.0
583200.0,119.0
106000.0,38.0
356500.0,78.0
747900.0,164.0
576600.0,163.0
515200.0,112.0
73900.0,26.0
273400.0,66.0
628300.0,173.0
711900.0,211.0
324400.0,94.0
98300.0,34.0
217700.0,55.0
430300.0,119.0
485200.0,179.0
124100.0,49.0
29000.0,4.0
95200.0,28.0
425500.0,95.0
372200.0,141.0
409000.0,105.0
30800.0,14.0
294700.0,79.0
676700.0,205.0
749100.0,242.0
520400.0,105.0
85600.0,24.0
251600.0,55.0
956700.0,214.0
648400.0,170.0
413000.0,92.0
103500.0,25.0
255600.0,60.0
608300.0,170.0
527300.0,191.0
340600.0,87.0
48200.0,22.0
215600.0,59.0
660000.0,151.0
582300.0,184.0
238500.0,55.0
101300.0,36.0
319300.0,70.0
723500.0,188.0
751400.0,236.0
379300.0,99.0
129100.0,35.0
220700.0,60.0
310800.0,98.0
316300.0,143.0
316700.0,106.0
87500.0,31.0
389400.0,75.0
853000.0,201.0
409000.0,171.0
376500.0,89.0
135100.0,42.0
194600.0,70.0
654000.0,159.0
443000.0,162.0
332900.0,70.0
97600.0,32.0
204500.0,61.0
826400.0,202.0
442000.0,152.0
374900.0,83.0
125400.0,29.0
233300.0,75.0
834700.0,173.0
511900.0,142.0
464600.0,113.0
108500.0,34.0
286400.0,74.0
625600.0,153.0
551700.0,181.0
628900.0,111.0
63500.0,31.0
341000.0,103.0
607600.0,177.0
729300.0,249.0
292800.0,90.0
66500.0,14.0
259600.0,79.0
223500.0,78.0
547300.0,198.0
317900.0,73.0
103100.0,38.0
444000.0,127.0
777100.0,200.0
444400.0,159.0
550100.0,110.0
144800.0,42.0
436400.0,132.0
793600.0,216.0
507600.0,167.0
384800.0,79.0
132100.0,36.0
561000.0,125.0
689700.0,193.0
465400.0,164.0
337100.0,106.0
89000.0,36.0
497603.0,165.0
363800.0,100.0
438000.0,149.0
507800.0,108.0
94600.0,32.0
381600.0,81.0
1003900.0,225.0
649100.0,176.0
641900.0,127.0
173100.0,32.0
662976.0,167.0
450700.0,109.0
620900.0,197.0
550300.0,120.0
155600.0,42.0
483600.0,91.0
759100.0,232.0
602200.0,184.0
403800.0,92.0
65600.0,29.0
258200.0,57.0
591300.0,155.0
495800.0,157.0
430100.0,116.0
171700.0,35.0
182700.0,51.0
781200.0,194.0
686000.0,231.0
700300.0,146.0
98200.0,25.0
312100.0,63.0
855200.0,209.0
738500.0,207.0
604700.0,119.0
269700.0,71.0
215300.0,69.0
668500.0,172.0
644800.0,184.0
484900.0,116.0
105700.0,23.0
369400.0,112.0
415000.0,106.0
370600.0,125.0
496400.0,107.0
181300.0,45.0
191800.0,54.0
558100.0,152.0
486400.0,166.0
545000.0,133.0
141300.0,32.0
412700.0,101.0
863500.0,193.0
645100.0,199.0
469600.0,109.0
168200.0,50.0
414700.0,98.0
816600.0,172.0
589900.0,168.0
449000.0,113.0
202600.0,44.0
247800.0,63.0
631100.0,156.0
429100.0,140.0
437400.0,83.0
118900.0,31.0
296200.0,65.0
549900.0,150.0
299900.0,147.0
374800.0,94.0
115100.0,27.0
326900.0,82.0
750100.0,165.0
536400.0,160.0
354800.0,99.0
195400.0,43.0
370100.0,74.0
799800.0,190.0
400100.0,172.0
624100.0,120.0
121000.0,41.0
257500.0,75.0
652000.0,199.0
335800.0,118.0
278400.0,98.0
113500.0,36.0
196500.0,51.0
287200.0,100.0
296300.0,117.0
493600.0,113.0
133200.0,35.0
214300.0,53.0
551500.0,160.0
616200.0,210.0
378400.0,87.0
117300.0,33.0
293200.0,70.0
442600.0,125.0
399000.0,162.0
344200.0,95.0
85600.0,25.0
282200.0,84.0
564600.0,169.0
577900.0,167.0
286400.0,83.0
51900.0,23.0
257700.0,66.0
615300.0,140.0
357300.0,147.0
304300.0,92.0
106000.0,34.0
323300.0,74.0
598900.0,154.0
334100.0,153.0
491800.0,121.0
69500.0,28.0
304900.0,84.0
660700.0,158.0
612200.0,180.0
475100.0,97.0
145800.0,40.0
168800.0,45.0
327900.0,102.0
384300.0,145.0
433600.0,107.0
32000.0,18.0
186600.0,58.0
739600.0,185.0
384100.0,149.0
333100.0,86.0
160400.0,44.0
174500.0,52.0
824900.0,185.0
513500.0,160.0
417900.0,88.0
149300.0,42.0
233600.0,72.0
843700.0,184.0
460200.0,154.0
401100.0,105.0
69500.0,28.0
438400.0,96.0
994200.0,206.0
494400.0,151.0
338600.0,79.0
177700.0,35.0
275100.0,65.0
641900.0,166.0
470400.0,161.0
424200.0,99.0
89800.0,29.0
545400.0,116.0
949700.0,224.0
702200.0,219.0
456800.0,107.0
78100.0,31.0
348300.0,91.0
767000.0,198.0
508500.0,175.0
372600.0,113.0
127600.0,25.0
385100.0,93.0
759900.0,205.0
529900.0,132.0
350200.0,66.0
112700.0,42.0
217800.0,58.0
370100.0,143.0
442300.0,169.0
364400.0,88.0
204200.0,45.0
260700.0,52.0
560100.0,152.0
660600.0,174.0
460200.0,106.0
121500.0,39.0
421000.0,98.0
636800.0,182.0
615800.0,199.0
462100.0,103.0
163500.0,33.0
224700.0,53.0
407500.0,125.0
349100.0,119.0
578500.0,120.0
206400.0,37.0
430700.0,92.0
694200.0,160.0
570900.0,164.0
663300.0,142.0
67600.0,32.0
393600.0,87.0
864500.0,179.0
444300.0,133.0
751900.0,117.0
205000.0,41.0
697083.0,175.0
590500.0,131.0
662200.0,212.0
413500.0,94.0
121900.0,37.0
319000.0,81.0
619400.0,156.0
508400.0,165.0
648300.0,116.0
154900.0,39.0
384600.0,100.0
769200.0,170.0
528900.0,170.0
602900.0,131.0
155600.0,36.0
297200.0,75.0
810900.0,195.0
459100.0,147.0
395500.0,70.0
183700.0,44.0
234600.0,55.0
712700.0,171.0
603100.0,201.0
632400.0,112.0
173600.0,52.0
436600.0,98.0
645900.0,182.0
591200.0,219.0
399500.0,102.0
143500.0,41.0
206600.0,59.0
556400.0,154.0
527900.0,248.0
252100.0,54.0
102000.0,24.0
130300.0,41.0
561500.0,162.0
466600.0,214.0
496300.0,88.0
136200.0,35.0
473900.0,112.0
802000.0,184.0
595100.0,228.0
366100.0,99.0
179200.0,49.0
298800.0,90.0
822800.0,173.0
621400.0,232.0
381500.0,93.0
59400.0,16.0
681500.0,132.0
819800.0,198.0
764600.0,261.0
401000.0,97.0
109000.0,36.0
526621.0,181.0
433800.0,104.0
912700.0,227.0
489100.0,132.0
90900.0,29.0
526621.0,181.0
781500.0,204.0
1006100.0,215.0
327700.0,94.0
150300.0,34.0
380700.0,99.0
653600.0,195.0
628500.0,293.0
412700.0,116.0
166500.0,37.0
490400.0,134.0
1021300.0,244.0
665800.0,207.0
292900.0,98.0
208900.0,53.0
424600.0,100.0
926800.0,270.0
476100.0,172.0
151000.0,43.0
67000.0,24.0
59900.0,24.0
226300.0,94.0
201600.0,93.0
514300.0,95.0
55100.0,16.0
216400.0,55.0
577400.0,136.0
457800.0,143.0
403100.0,88.0
108800.0,28.0
189000.0,54.0
590600.0,132.0
513700.0,163.0
280900.0,66.0
86100.0,33.0
237900.0,56.0
788000.0,152.0
436300.0,129.0
339100.0,85.0
87700.0,37.0
105500.0,42.0
278600.0,82.0
271500.0,120.0
506700.0,100.0
88300.0,23.0
263900.0,58.0
800700.0,185.0
468600.0,153.0
390700.0,101.0
111900.0,42.0
343700.0,92.0
837900.0,228.0
506000.0,232.0
406100.0,80.0
107400.0,31.0
413300.0,78.0
615500.0,177.0
462500.0,168.0
299400.0,75.0
110200.0,27.0
312900.0,77.0
514400.0,180.0
441100.0,146.0
442100.0,116.0
141300.0,41.0
283400.0,78.0
893300.0,266.0
679100.0,227.0
489700.0,103.0
114900.0,31.0
287700.0,63.0
837300.0,209.0
789100.0,200.0
479000.0,119.0
56700.0,14.0
341500.0,91.0
727600.0,187.0
635200.0,201.0
706300.0,134.0
98400.0,27.0
310400.0,85.0
951400.0,206.0
612400.0,204.0
509500.0,120.0
209800.0,47.0
424600.0,75.0
698000.0,173.0
555600.0,212.0
312200.0,85.0
127100.0,39.0
141100.0,49.0
260900.0,84.0
312900.0,152.0
516900.0,108.0
106200.0,30.0
423700.0,83.0
765800.0,192.0
524300.0,189.0
579600.0,111.0
102200.0,34.0
412300.0,97.0
500600.0,141.0
526200.0,154.0
382100.0,104.0
105300.0,41.0
131400.0,41.0
318700.0,90.0
300700.0,118.0
338600.0,94.0
45100.0,15.0
218200.0,71.0
346900.0,118.0
319300.0,155.0
369000.0,97.0
36300.0,16.0
359900.0,75.0
864000.0,175.0
530300.0,169.0
483800.0,107.0
100000.0,36.0
421300.0,96.0
703100.0,162.0
525900.0,162.0
161000.0,40.0
78000.0,25.0
243700.0,64.0
680200.0,152.0
471000.0,150.0
359900.0,71.0
125700.0,37.0
355800.0,88.0
676200.0,168.0
340200.0,131.0
321400.0,80.0
134800.0,28.0
204700.0,61.0
679400.0,141.0
222400.0,112.0
433600.0,104.0
63600.0,24.0
346900.0,83.0
828300.0,224.0
386400.0,158.0
343800.0,109.0
116800.0,37.0
153700.0,54.0
264500.0,107.0
399200.0,169.0
391800.0,94.0
135900.0,32.0
225500.0,68.0
671000.0,150.0
622800.0,210.0
379400.0,94.0
90700.0,36.0
351500.0,81.0
587000.0,150.0
311800.0,132.0
350900.0,97.0
87700.0,25.0
247800.0,71.0
615900.0,151.0
521200.0,164.0
363300.0,83.0
75500.0,25.0
268100.0,72.0
539800.0,125.0
359700.0,119.0
294100.0,87.0
109400.0,33.0
240300.0,62.0
459400.0,116.0
242500.0,95.0
340600.0,77.0
175800.0,48.0
283300.0,60.0
717200.0,176.0
462900.0,138.0
138500.0,65.0
45700.0,27.0
123000.0,42.0
334900.0,89.0
249300.0,94.0
272600.0,86.0
96400.0,27.0
298300.0,79.0
772900.0,175.0
427700.0,130.0
358400.0,88.0
115300.0,35.0
458900.0,91.0
656900.0,157.0
436600.0,144.0
645300.0,112.0
119200.0,34.0
340400.0,71.0
664700.0,155.0
439300.0,144.0
497200.0,116.0
42700.0,19.0
301300.0,74.0
769600.0,198.0
647600.0,235.0
429200.0,116.0
143200.0,45.0
452900.0,99.0
802500.0,227.0
357100.0,172.0
634000.0,132.0
82400.0,30.0
262300.0,67.0
583700.0,196.0
502900.0,156.0
479600.0,107.0
111500.0,31.0
322800.0,82.0
739500.0,204.0
559200.0,180.0
598500.0,117.0
101000.0,23.0
201200.0,57.0
678800.0,161.0
515700.0,168.0
321000.0,91.0
125500.0,29.0
254700.0,80.0
363100.0,104.0
417900.0,175.0
526300.0,134.0
86700.0,23.0
221200.0,67.0
762000.0,185.0
558600.0,184.0
326400.0,103.0
129400.0,29.0
369900.0,84.0
781300.0,186.0
544000.0,173.0
412900.0,82.0
93200.0,20.0
154400.0,50.0
950500.0,192.0
468800.0,132.0
498600.0,98.0
231900.0,39.0
474500.0,86.0
545700.0,150.0
472600.0,174.0
449100.0,113.0
124637.0,35.0
351100.0,76.0
594700.0,184.0
364400.0,160.0
520000.0,116.0
144100.0,36.0
329000.0,82.0
671300.0,182.0
445000.0,155.0
322300.0,99.0
83000.0,44.0
398600.0,97.0
598700.0,166.0
552700.0,174.0
392100.0,102.0
114200.0,37.0
281900.0,72.0
450400.0,120.0
461600.0,151.0
305700.0,80.0
188200.0,54.0
319100.0,77.0
633900.0,155.0
517800.0,164.0
364300.0,76.0
95600.0,25.0
279600.0,72.0
654100.0,143.0
334200.0,153.0
382300.0,120.0
213000.0,46.0
279300.0,62.0
644100.0,150.0
805200.0,258.0
409600.0,111.0
98600.0,38.0
184300.0,44.0
267000.0,94.0
623600.0,262.0
442400.0,106.0
112700.0,28.0
183500.0,60.0
951400.0,174.0
639900.0,221.0
417600.0,97.0
146900.0,36.0
178600.0,52.0
616500.0,141.0
523200.0,177.0
353700.0,104.0
102600.0,33.0
343100.0,76.0
596100.0,160.0
382900.0,153.0
342600.0,93.0
186800.0,46.0
142900.0,42.0
405400.0,127.0
338100.0,143.0
396600.0,90.0
234600.0,65.0
321100.0,88.0
389700.0,138.0
477700.0,153.0
509000.0,112.0
90000.0,35.0
356700.0,90.0
599300.0,161.0
589800.0,195.0
256400.0,72.0
128900.0,42.0
254600.0,61.0
272600.0,85.0
201800.0,117.0
141700.0,26.0
220100.0,42.0
355800.0,80.0
594600.0,171.0
561900.0,171.0
263200.0,76.0
120500.0,37.0
232500.0,65.0
549100.0,140.0
396400.0,132.0
437000.0,83.0
88800.0,35.0
279900.0,75.0
523400.0,152.0
468700.0,123.0
350000.0,83.0
116000.0,37.0
334300.0,63.0
449800.0,115.0
189300.0,81.0
253600.0,58.0
40800.0,13.0
336200.0,61.0
491100.0,108.0
381900.0,111.0
749100.0,157.0
66200.0,22.0
549000.0,117.0
1117600.0,249.0
933600.0,221.0
378800.0,101.0
193800.0,47.0
356200.0,103.0
957400.0,222.0
560900.0,219.0
629500.0,133.0
173900.0,45.0
499600.0,114.0
967300.0,196.0
704100.0,176.0
707900.0,105.0
47200.0,16.0
386800.0,74.0
755000.0,140.0
743400.0,194.0
503800.0,114.0
181500.0,44.0
511100.0,96.0
333800.0,100.0
430800.0,158.0
266200.0,56.0
154300.0,34.0
252900.0,42.0
772500.0,186.0
453200.0,113.0
626100.0,126.0
135600.0,41.0
597660.0,154.0
306000.0,47.0
800000.0,186.0
558200.0,120.0
410800.0,110.0
515400.0,152.0
446800.0,111.0
775000.0,207.0
850900.0,141.0
269000.0,52.0
597660.0,154.0
646000.0,122.0
695700.0,195.0
878300.0,172.0
216400.0,62.0
597660.0,154.0
515400.0,152.0
768100.0,134.0
884200.0,155.0
430900.0,97.0
597660.0,154.0
308000.0,80.0
893700.0,211.0
655600.0,127.0
353300.0,87.0
597660.0,154.0
647600.0,112.0
1020500.0,223.0
530900.0,127.0
433100.0,117.0
597660.0,154.0
791300.0,143.0
704000.0,184.0
704600.0,140.0
62700.0,24.0
538100.0,96.0
602400.0,162.0
506500.0,191.0
688900.0,134.0
136200.0,49.0
623900.0,131.0
730200.0,237.0
626400.0,221.0
122300.0,46.0
114600.0,46.0
225700.0,68.0
322700.0,120.0
190500.0,89.0
137400.0,43.0
159700.0,46.0
114700.0,32.0
262600.0,108.0
231900.0,70.0
178200.0,63.0
130500.0,36.0
194800.0,65.0
363600.0,124.0
59700.0,31.0
335000.0,74.0
204300.0,38.0
537600.0,101.0
641900.0,170.0
339600.0,126.0
216200.0,70.0
141400.0,40.0
402700.0,101.0
655700.0,160.0
404300.0,115.0
423000.0,96.0
150300.0,28.0
392300.0,90.0
674300.0,159.0
485400.0,136.0
464300.0,112.0
193200.0,41.0
481500.0,109.0
717800.0,173.0
551200.0,158.0
440600.0,90.0
106900.0,38.0
440500.0,161.0
340200.0,90.0
416300.0,143.0
479600.0,105.0
235900.0,53.0
321500.0,101.0
673300.0,153.0
519200.0,173.0
282500.0,79.0
114700.0,35.0
341200.0,79.0
604600.0,144.0
559800.0,153.0
655300.0,121.0
190900.0,48.0
370800.0,81.0
451600.0,136.0
542000.0,162.0
352300.0,83.0
137800.0,33.0
308700.0,83.0
469800.0,139.0
427400.0,148.0
526100.0,113.0
123100.0,40.0
484300.0,87.0
565900.0,166.0
499100.0,123.0
514100.0,106.0
137700.0,38.0
477400.0,113.0
513700.0,153.0
468300.0,149.0
274500.0,78.0
157600.0,43.0
429300.0,111.0
298500.0,87.0
264000.0,122.0
366100.0,87.0
241700.0,56.0
469200.0,97.0
732800.0,164.0
400400.0,126.0
189300.0,48.0
157700.0,45.0
376100.0,86.0
758900.0,145.0
448300.0,122.0
574000.0,107.0
93300.0,30.0
559700.0,127.0
1055300.0,228.0
644200.0,171.0
474500.0,102.0
217300.0,50.0
397300.0,72.0
1044300.0,194.0
646800.0,183.0
594900.0,107.0
12000.0,2.0
483200.0,99.0
639600.0,152.0
697300.0,172.0
541600.0,114.0
154100.0,36.0
358300.0,108.0
753500.0,164.0
550000.0,152.0
662200.0,99.0
169800.0,31.0
638596.0,157.0
428300.0,73.0
892300.0,158.0
904600.0,132.0
108000.0,20.0
638596.0,157.0
440200.0,70.0
684300.0,129.0
802500.0,154.0
257900.0,52.0
638596.0,157.0
554000.0,104.0
583500.0,164.0
636300.0,131.0
142300.0,47.0
638596.0,157.0
352700.0,87.0
887800.0,223.0
346000.0,71.0
365100.0,95.0
555700.0,136.0
819700.0,197.0
340000.0,150.0
426900.0,103.0
347000.0,118.0
276700.0,66.0
550500.0,147.0
438100.0,141.0
555500.0,115.0
330100.0,90.0
638596.0,157.0
548300.0,131.0
882800.0,208.0
492900.0,106.0
432600.0,141.0
405389.0,94.0
1009800.0,242.0
856300.0,219.0
365200.0,98.0
175100.0,46.0
581400.0,116.0
677000.0,170.0
573500.0,198.0
374800.0,95.0
182900.0,41.0
263500.0,92.0
686700.0,149.0
429500.0,162.0
550600.0,108.0
277100.0,65.0
362200.0,105.0
667600.0,159.0
713700.0,175.0
503000.0,110.0
153000.0,34.0
212600.0,54.0
809000.0,169.0
444300.0,138.0
248500.0,85.0
162000.0,38.0
358600.0,66.0
434900.0,122.0
255900.0,115.0
405600.0,92.0
107600.0,35.0
399600.0,90.0
281300.0,98.0
579800.0,192.0
256600.0,73.0
58900.0,28.0
225200.0,70.0
259500.0,84.0
375700.0,161.0
544700.0,120.0
15600.0,9.0
503400.0,127.0
761700.0,177.0
381900.0,147.0
348700.0,81.0
207300.0,53.0
345900.0,97.0
525000.0,156.0
574000.0,177.0
375700.0,94.0
107300.0,39.0
506800.0,113.0
695400.0,188.0
448400.0,163.0
338500.0,87.0
122200.0,45.0
613900.0,114.0
503800.0,148.0
559500.0,152.0
398800.0,78.0
101600.0,41.0
362000.0,101.0
766000.0,190.0
457300.0,151.0
503800.0,106.0
154300.0,47.0
456000.0,93.0
629200.0,171.0
416900.0,159.0
267800.0,66.0
134900.0,52.0
179400.0,60.0
227200.0,96.0
390100.0,132.0
258000.0,82.0
110200.0,34.0
360300.0,73.0
500500.0,108.0
442200.0,165.0
110500.0,35.0
219900.0,49.0
298700.0,83.0
409300.0,108.0
424000.0,121.0
606000.0,109.0
146100.0,40.0
367000.0,96.0
619500.0,150.0
571200.0,177.0
520400.0,122.0
141900.0,40.0
557100.0,127.0
858500.0,214.0
827200.0,225.0
523000.0,99.0
208300.0,37.0
547200.0,116.0
663100.0,164.0
417900.0,134.0
636100.0,117.0
185100.0,43.0
428900.0,95.0
634600.0,133.0
703800.0,222.0
751200.0,137.0
229900.0,40.0
647100.0,143.0
730200.0,164.0
346700.0,103.0
481200.0,73.0
124300.0,36.0
687648.0,161.0
344800.0,59.0
444300.0,107.0
518300.0,97.0
71300.0,22.0
107700.0,24.0
506900.0,149.0
202500.0,55.0
493900.0,96.0
290000.0,81.0
687648.0,161.0
649700.0,117.0
770600.0,207.0
554300.0,108.0
220900.0,56.0
687648.0,161.0
519500.0,99.0
717700.0,197.0
574600.0,104.0
187100.0,62.0
687648.0,161.0
554700.0,124.0
927800.0,214.0
498700.0,130.0
339700.0,94.0
472303.0,105.0
687648.0,161.0
991900.0,230.0
498900.0,107.0
318300.0,79.0
687648.0,161.0
622100.0,141.0
1082400.0,262.0
598000.0,95.0
398200.0,105.0
538100.0,132.0
1142600.0,239.0
695300.0,181.0
478000.0,121.0
195500.0,50.0
452200.0,112.0
624000.0,189.0
462200.0,166.0
442400.0,94.0
241400.0,36.0
401300.0,104.0
858400.0,193.0
518900.0,166.0
466600.0,113.0
224200.0,59.0
451600.0,105.0
877500.0,152.0
734000.0,183.0
394500.0,88.0
126500.0,39.0
408700.0,111.0
739300.0,165.0
598900.0,168.0
455700.0,92.0
145800.0,45.0
588800.0,105.0
563100.0,156.0
757400.0,216.0
438100.0,117.0
94900.0,31.0
271300.0,91.0
225100.0,77.0
339600.0,163.0
547500.0,131.0
93800.0,27.0
652400.0,140.0
575000.0,131.0
440000.0,137.0
446500.0,122.0
225800.0,49.0
449000.0,108.0
661700.0,178.0
682600.0,210.0
537200.0,117.0
119000.0,44.0
557800.0,137.0
628400.0,156.0
358000.0,133.0
610900.0,119.0
253800.0,62.0
495600.0,109.0
703600.0,157.0
391500.0,126.0
297900.0,77.0
124400.0,45.0
368200.0,79.0
485800.0,130.0
2200.0,4.0
584000.0,126.0
156100.0,40.0
451800.0,98.0
840200.0,175.0
567700.0,182.0
289000.0,75.0
144000.0,40.0
317600.0,84.0
367300.0,87.0
275100.0,113.0
609600.0,108.0
153900.0,38.0
614400.0,108.0
857300.0,192.0
281500.0,122.0
333700.0,92.0
81100.0,33.0
387500.0,97.0
590300.0,153.0
529100.0,158.0
522200.0,110.0
84600.0,38.0
441500.0,95.0
674800.0,155.0
494600.0,148.0
521600.0,124.0
118700.0,43.0
378500.0,89.0
739000.0,163.0
301500.0,86.0
510600.0,119.0
210400.0,53.0
459000.0,100.0
734900.0,155.0
718900.0,167.0
661500.0,156.0
237000.0,57.0
505000.0,104.0
909600.0,187.0
819100.0,197.0
529000.0,95.0
206800.0,38.0
430500.0,105.0
764400.0,149.0
510700.0,155.0
778500.0,129.0
126500.0,39.0
640591.0,153.0
632400.0,132.0
771100.0,193.0
686000.0,139.0
140900.0,48.0
315500.0,74.0
504300.0,130.0
549500.0,178.0
639600.0,114.0
264200.0,64.0
500000.0,95.0
909000.0,182.0
796000.0,164.0
277900.0,49.0
174000.0,37.0
345400.0,63.0
848700.0,205.0
488800.0,119.0
523600.0,86.0
44400.0,15.0
640591.0,153.0
81900.0,29.0
153400.0,41.0
621100.0,119.0
138600.0,48.0
640591.0,153.0
474079.0,136.0
491000.0,88.0
708400.0,131.0
268700.0,60.0
640591.0,153.0
367400.0,79.0
996100.0,269.0
791800.0,133.0
245200.0,48.0
718900.0,114.0
1127100.0,252.0
846300.0,219.0
524900.0,86.0
229300.0,65.0
640591.0,153.0
740800.0,139.0
674400.0,215.0
607000.0,115.0
242300.0,76.0
558700.0,122.0
973500.0,209.0
432400.0,153.0
421900.0,87.0
446000.0,127.0
640591.0,153.0
678500.0,139.0
800900.0,212.0
293100.0,72.0
225600.0,46.0
431900.0,76.0
428100.0,115.0
161300.0,78.0
405200.0,99.0
285300.0,44.0
424500.0,64.0
421200.0,103.0
314300.0,104.0
253700.0,65.0
308400.0,42.0
324000.0,51.0
372800.0,94.0
275600.0,65.0
426800.0,76.0
82300.0,26.0
177500.0,46.0
159900.0,58.0
297700.0,99.0
180400.0,34.0
38000.0,6.0
177300.0,30.0
150300.0,47.0
308000.0,48.0
630200.0,92.0
75700.0,27.0
177500.0,30.0
603500.0,138.0
428300.0,98.0
367300.0,74.0
126700.0,31.0
540800.0,109.0
780600.0,175.0
656300.0,194.0
466000.0,94.0
112200.0,41.0
531200.0,110.0
730600.0,182.0
447700.0,175.0
600000.0,122.0
200800.0,51.0
587100.0,112.0
811800.0,224.0
620400.0,189.0
372200.0,91.0
135700.0,37.0
227100.0,59.0
350700.0,74.0
244700.0,87.0
594300.0,110.0
96800.0,36.0
122200.0,34.0
354100.0,96.0
322000.0,111.0
310100.0,73.0
121000.0,24.0
42700.0,3.0
743900.0,170.0
420000.0,122.0
452000.0,79.0
86600.0,28.0
36100.0,18.0
998100.0,207.0
369900.0,116.0
558000.0,119.0
172500.0,55.0
640591.0,153.0
266600.0,58.0
537400.0,155.0
421900.0,94.0
203000.0,37.0
337000.0,71.0
825900.0,231.0
399700.0,140.0
406400.0,96.0
128000.0,39.0
408400.0,88.0
749800.0,190.0
364500.0,80.0
316300.0,58.0
73000.0,21.0
95700.0,26.0
265500.0,83.0
106200.0,28.0
312400.0,54.0
30600.0,6.0
255600.0,68.0
859800.0,215.0
454700.0,135.0
516400.0,104.0
281800.0,58.0
408000.0,92.0
753200.0,169.0
706800.0,198.0
341600.0,103.0
148800.0,38.0
279600.0,67.0
494900.0,127.0
532600.0,199.0
552300.0,103.0
123300.0,33.0
928400.0,176.0
790200.0,191.0
760700.0,169.0
527100.0,109.0
183300.0,32.0
273700.0,69.0
659600.0,126.0
470500.0,133.0
53400.0,17.0
55500.0,18.0
394700.0,62.0
697300.0,162.0
593000.0,124.0
561500.0,81.0
170100.0,40.0
384100.0,63.0
866800.0,200.0
559100.0,106.0
692500.0,124.0
271700.0,62.0
782725.0,189.0
561467.0,166.0
504000.0,129.0
700700.0,145.0
112800.0,48.0
406000.0,115.0
572400.0,162.0
423900.0,193.0
540500.0,111.0
274900.0,65.0
782725.0,189.0
648500.0,118.0
1003600.0,223.0
566000.0,92.0
267700.0,74.0
782725.0,189.0
719600.0,157.0
748400.0,199.0
757600.0,132.0
394100.0,110.0
390290.0,86.0
561467.0,166.0
761000.0,175.0
548300.0,95.0
383800.0,112.0
782725.0,189.0
800400.0,147.0
679300.0,192.0
350200.0,109.0
195600.0,65.0
200500.0,69.0
473900.0,150.0
413000.0,159.0
449100.0,102.0
155500.0,35.0
394600.0,66.0
961100.0,202.0
410500.0,112.0
570600.0,125.0
179200.0,42.0
567300.0,130.0
942800.0,240.0
373900.0,165.0
660400.0,144.0
174700.0,55.0
215600.0,59.0
905700.0,200.0
730800.0,198.0
289100.0,59.0
207600.0,44.0
259200.0,78.0
927100.0,213.0
616000.0,221.0
556800.0,98.0
180200.0,53.0
358200.0,63.0
795300.0,191.0
583300.0,201.0
404800.0,74.0
125200.0,32.0
384000.0,86.0
827000.0,218.0
501800.0,148.0
123800.0,43.0
124900.0,28.0
73600.0,27.0
307800.0,80.0
102700.0,49.0
527800.0,103.0
84400.0,18.0
257700.0,59.0
773900.0,187.0
294400.0,87.0
601100.0,123.0
156300.0,53.0
214600.0,47.0
991800.0,252.0
570000.0,199.0
504400.0,126.0
245700.0,65.0
206800.0,54.0
936000.0,188.0
741100.0,239.0
359300.0,101.0
140900.0,38.0
306400.0,68.0
743500.0,189.0
621500.0,154.0
487500.0,102.0
171300.0,58.0
561467.0,166.0
392200.0,81.0
1153700.0,277.0
608100.0,135.0
182000.0,64.0
561467.0,166.0
408100.0,82.0
954100.0,268.0
364200.0,118.0
112200.0,57.0
249300.0,68.0
469700.0,127.0
451100.0,157.0
718600.0,143.0
165600.0,41.0
276100.0,71.0
1026600.0,240.0
528300.0,150.0
423300.0,95.0
205500.0,59.0
782725.0,189.0
391500.0,98.0
547800.0,159.0
404600.0,106.0
158600.0,56.0
782725.0,189.0
466500.0,111.0
553300.0,160.0
580000.0,116.0
185100.0,52.0
782725.0,189.0
339500.0,79.0
642200.0,180.0
431800.0,98.0
96900.0,35.0
592900.0,148.0
854000.0,197.0
722600.0,215.0
449700.0,95.0
111100.0,33.0
511300.0,116.0
1069600.0,219.0
554800.0,167.0
520800.0,109.0
273300.0,58.0
501000.0,110.0
1060200.0,199.0
735000.0,227.0
372300.0,88.0
142500.0,29.0
216200.0,44.0
513400.0,106.0
391400.0,108.0
28300.0,8.0
88700.0,20.0
219200.0,39.0
331000.0,72.0
115800.0,49.0
599600.0,102.0
170400.0,51.0
817118.0,193.0
388300.0,79.0
678700.0,179.0
491800.0,101.0
157300.0,38.0
817118.0,193.0
505300.0,118.0
721800.0,175.0
658200.0,135.0
142700.0,44.0
817118.0,193.0
634900.0,124.0
887100.0,214.0
557200.0,102.0
193400.0,68.0
563900.0,113.0
1099200.0,257.0
798700.0,205.0
502700.0,115.0
324600.0,89.0
817118.0,193.0
835500.0,170.0
717600.0,188.0
508900.0,94.0
300200.0,75.0
817118.0,193.0
578400.0,135.0
891500.0,249.0
627700.0,139.0
268300.0,82.0
817118.0,193.0
585300.0,146.0
517600.0,169.0
610000.0,133.0
205100.0,66.0
141900.0,32.0
1101100.0,264.0
813800.0,236.0
832900.0,174.0
150700.0,56.0
817118.0,193.0
560104.0,174.0
637000.0,148.0
644900.0,116.0
327300.0,90.0
426500.0,94.0
663300.0,197.0
417700.0,122.0
755900.0,138.0
268600.0,70.0
268800.0,69.0
826000.0,179.0
513500.0,179.0
429300.0,109.0
174700.0,47.0
560104.0,174.0
288200.0,78.0
285800.0,97.0
507100.0,124.0
229200.0,81.0
531400.0,101.0
913700.0,239.0
826200.0,244.0
403500.0,111.0
273900.0,75.0
425300.0,94.0
1111000.0,243.0
631300.0,261.0
512500.0,104.0
271800.0,62.0
223700.0,68.0
813400.0,211.0
621800.0,197.0
258200.0,63.0
308800.0,72.0
560104.0,174.0
435700.0,114.0
855800.0,230.0
534100.0,110.0
157800.0,53.0
196400.0,54.0
965700.0,210.0
289600.0,132.0
498400.0,116.0
88900.0,38.0
520400.0,118.0
856100.0,221.0
560900.0,205.0
315300.0,111.0
39100.0,32.0
247400.0,53.0
401300.0,107.0
122100.0,58.0
491100.0,103.0
261900.0,55.0
263700.0,72.0
858000.0,204.0
479700.0,158.0
607300.0,110.0
215200.0,54.0
239700.0,70.0
881800.0,200.0
362800.0,144.0
430100.0,107.0
92800.0,49.0
326500.0,81.0
769600.0,190.0
395500.0,148.0
467100.0,94.0
104700.0,38.0
364500.0,85.0
867900.0,219.0
194300.0,87.0
506200.0,81.0
208500.0,60.0
199100.0,58.0
878700.0,186.0
441000.0,160.0
420800.0,106.0
124600.0,37.0
817118.0,193.0
448000.0,91.0
720000.0,224.0
766600.0,136.0
128300.0,25.0
656600.0,132.0
802800.0,178.0
911300.0,255.0
510200.0,122.0
184600.0,47.0
591400.0,129.0
777700.0,179.0
804700.0,219.0
635600.0,107.0
159200.0,43.0
600100.0,117.0
700100.0,174.0
756900.0,210.0
711900.0,128.0
146600.0,41.0
447700.0,81.0
814900.0,181.0
529800.0,130.0
33100.0,6.0
146900.0,33.0
536000.0,87.0
718600.0,174.0
408100.0,97.0
464600.0,130.0
284800.0,63.0
420986.0,89.0
750311.0,198.0
708300.0,191.0
404200.0,76.0
227300.0,64.0
750311.0,198.0
432100.0,90.0
898100.0,259.0
647600.0,112.0
176800.0,48.0
750311.0,198.0
580000.0,115.0
605300.0,168.0
538300.0,124.0
368700.0,76.0
556800.0,122.0
808400.0,212.0
669600.0,187.0
454400.0,133.0
230400.0,94.0
401500.0,99.0
542300.0,153.0
500.0,1.0
956700.0,155.0
392100.0,109.0
420986.0,89.0
750311.0,198.0
904500.0,249.0
733400.0,143.0
369100.0,98.0
527900.0,119.0
893100.0,241.0
486200.0,138.0
384700.0,87.0
200500.0,60.0
750311.0,198.0
373200.0,79.0
416600.0,138.0
622300.0,128.0
195700.0,51.0
750311.0,198.0
601600.0,116.0
699500.0,211.0
389600.0,86.0
203500.0,52.0
129500.0,56.0
584900.0,210.0
541700.0,195.0
568400.0,117.0
239000.0,50.0
194600.0,37.0
1039800.0,241.0
700400.0,167.0
555800.0,113.0
248900.0,56.0
750311.0,198.0
313500.0,82.0
441100.0,130.0
587400.0,130.0
123500.0,42.0
750311.0,198.0
401300.0,85.0
609700.0,172.0
611500.0,130.0
126800.0,37.0
234300.0,54.0
851200.0,219.0
374700.0,132.0
456800.0,103.0
86100.0,38.0
461700.0,91.0
878800.0,229.0
549900.0,176.0
823500.0,139.0
131700.0,41.0
502200.0,103.0
867800.0,241.0
706600.0,193.0
502300.0,100.0
93700.0,43.0
230700.0,72.0
193600.0,72.0
350900.0,154.0
359900.0,86.0
100200.0,45.0
750311.0,198.0
565800.0,92.0
424000.0,164.0
499200.0,92.0
196000.0,43.0
449600.0,82.0
885600.0,205.0
206900.0,111.0
339900.0,82.0
377600.0,82.0
750311.0,198.0
271400.0,69.0
597600.0,188.0
639900.0,131.0
150600.0,46.0
363400.0,72.0
942000.0,233.0
495800.0,152.0
552100.0,110.0
53400.0,27.0
275500.0,74.0
658900.0,205.0
304600.0,111.0
438900.0,94.0
95000.0,39.0
511500.0,98.0
903000.0,284.0
504900.0,169.0
376100.0,95.0
86900.0,34.0
242500.0,62.0
392400.0,125.0
347900.0,155.0
587700.0,103.0
89400.0,29.0
750311.0,198.0
299100.0,60.0
458500.0,150.0
587800.0,126.0
179800.0,36.0
750311.0,198.0
457100.0,101.0
517300.0,175.0
598400.0,127.0
119100.0,40.0
317000.0,90.0
410200.0,120.0
587200.0,256.0
568700.0,147.0
196800.0,38.0
594600.0,125.0
939100.0,197.0
886900.0,243.0
574000.0,113.0
117100.0,25.0
457000.0,108.0
786300.0,170.0
707900.0,188.0
393900.0,78.0
127800.0,36.0
457200.0,60.0
431300.0,102.0
343100.0,116.0
380300.0,91.0
166700.0,47.0
489900.0,95.0
729000.0,172.0
524900.0,124.0
763100.0,154.0
292000.0,99.0
804196.0,202.0
552507.0,168.0
154900.0,51.0
573700.0,143.0
175500.0,71.0
423500.0,68.0
351400.0,114.0
478700.0,210.0
610800.0,136.0
163800.0,41.0
592800.0,149.0
1119600.0,242.0
556100.0,184.0
409700.0,90.0
315100.0,79.0
679300.0,128.0
1053900.0,275.0
786300.0,256.0
793500.0,148.0
221800.0,71.0
804196.0,202.0
729500.0,181.0
776200.0,220.0
749100.0,147.0
302800.0,83.0
804196.0,202.0
674200.0,160.0
638500.0,193.0
778900.0,148.0
362300.0,90.0
804196.0,202.0
768900.0,146.0
806100.0,234.0
617800.0,113.0
105600.0,33.0
804196.0,202.0
408200.0,80.0
667100.0,173.0
660700.0,124.0
150500.0,43.0
319800.0,90.0
855200.0,204.0
547500.0,187.0
542600.0,82.0
200700.0,54.0
302400.0,79.0
668300.0,172.0
422900.0,169.0
702600.0,132.0
178900.0,52.0
448500.0,85.0
1060700.0,286.0
647900.0,145.0
502800.0,94.0
80400.0,35.0
637800.0,116.0
1052800.0,274.0
635700.0,177.0
531900.0,118.0
170787.0,50.0
403800.0,100.0
747500.0,223.0
709600.0,233.0
176600.0,50.0
137000.0,37.0
157900.0,50.0
512000.0,120.0
3500.0,1.0
396900.0,73.0
157900.0,55.0
552507.0,168.0
291500.0,67.0
1093400.0,277.0
600600.0,113.0
8200.0,16.0
804196.0,202.0
426400.0,95.0
263300.0,77.0
447600.0,92.0
164400.0,48.0
314600.0,82.0
1083600.0,246.0
491400.0,129.0
268300.0,74.0
136900.0,41.0
383800.0,93.0
780300.0,200.0
490100.0,122.0
586000.0,100.0
201100.0,53.0
540800.0,111.0
729500.0,179.0
474200.0,145.0
778700.0,131.0
210600.0,56.0
804196.0,202.0
343100.0,99.0
719900.0,170.0
444000.0,83.0
152000.0,54.0
243900.0,89.0
322800.0,97.0
266300.0,111.0
360500.0,86.0
134100.0,42.0
433600.0,95.0
1110500.0,264.0
575200.0,174.0
425600.0,93.0
105700.0,34.0
418500.0,100.0
700700.0,224.0
403400.0,148.0
354700.0,79.0
154000.0,34.0
414900.0,91.0
792800.0,236.0
435800.0,147.0
390400.0,97.0
137900.0,40.0
412400.0,106.0
874600.0,196.0
483900.0,160.0
606200.0,125.0
146900.0,59.0
473900.0,110.0
1095200.0,251.0
693100.0,194.0
471100.0,115.0
166600.0,41.0
569900.0,122.0
885200.0,203.0
579600.0,192.0
586100.0,132.0
176100.0,46.0
428300.0,118.0
986000.0,226.0
612700.0,162.0
440200.0,96.0
199100.0,46.0
362800.0,83.0
574300.0,147.0
584700.0,186.0
653100.0,140.0
197500.0,42.0
494100.0,95.0
561200.0,112.0
594100.0,139.0
671200.0,139.0
182700.0,48.0
396700.0,67.0
783500.0,209.0
596300.0,168.0
823100.0,183.0
211600.0,56.0
754096.0,191.0
228600.0,60.0
975100.0,305.0
535600.0,130.0
283700.0,63.0
754096.0,191.0
544200.0,144.0
621400.0,197.0
583000.0,118.0
170700.0,49.0
342700.0,93.0
815500.0,210.0
510900.0,171.0
254300.0,76.0
303100.0,97.0
430500.0,140.0
537700.0,121.0
401100.0,198.0
621500.0,117.0
281500.0,88.0
754096.0,191.0
679300.0,138.0
648300.0,187.0
678100.0,115.0
318100.0,92.0
754096.0,191.0
544386.0,174.0
560900.0,132.0
453100.0,111.0
327800.0,113.0
439700.0,108.0
194100.0,56.0
412100.0,150.0
455500.0,92.0
344100.0,89.0
754096.0,191.0
569200.0,120.0
421100.0,122.0
624200.0,96.0
322400.0,86.0
472300.0,97.0
899800.0,222.0
767600.0,199.0
589800.0,126.0
217400.0,96.0
441500.0,106.0
825600.0,213.0
820800.0,224.0
345100.0,88.0
373100.0,112.0
442800.0,129.0
356900.0,123.0
366700.0,144.0
544900.0,117.0
343000.0,90.0
754096.0,191.0
337400.0,87.0
597500.0,202.0
502800.0,109.0
321000.0,89.0
386300.0,109.0
1023500.0,262.0
551200.0,161.0
217100.0,44.0
219700.0,91.0
368300.0,116.0
715500.0,189.0
430300.0,142.0
469200.0,100.0
237300.0,87.0
342400.0,109.0
786000.0,188.0
443900.0,130.0
545800.0,90.0
216300.0,63.0
447100.0,144.0
1033900.0,245.0
491800.0,165.0
546000.0,97.0
130200.0,69.0
612100.0,125.0
947100.0,250.0
784900.0,223.0
232500.0,96.0
179500.0,72.0
301200.0,88.0
350100.0,102.0
290900.0,134.0
503400.0,128.0
148000.0,66.0
442000.0,99.0
990400.0,229.0
531400.0,163.0
391900.0,98.0
256500.0,76.0
320300.0,78.0
1024300.0,248.0
473400.0,155.0
484200.0,102.0
296200.0,80.0
320200.0,74.0
752100.0,215.0
480400.0,168.0
454000.0,109.0
255000.0,86.0
394800.0,108.0
825000.0,229.0
509200.0,167.0
536900.0,98.0
185700.0,76.0
754096.0,191.0
696200.0,154.0
263600.0,111.0
213200.0,51.0
167500.0,55.0
384400.0,101.0
1008000.0,254.0
690700.0,216.0
487300.0,77.0
219800.0,89.0
306500.0,81.0
468500.0,133.0
335500.0,160.0
631100.0,133.0
208000.0,64.0
831510.0,205.0
593300.0,121.0
433600.0,167.0
494800.0,119.0
234500.0,48.0
694700.0,157.0
907600.0,200.0
779900.0,247.0
777200.0,134.0
163900.0,35.0
461200.0,94.0
698400.0,171.0
885400.0,239.0
364400.0,87.0
295100.0,48.0
444200.0,89.0
757000.0,184.0
491300.0,148.0
682400.0,130.0
210500.0,48.0
230800.0,46.0
922800.0,223.0
528100.0,144.0
512500.0,153.0
256000.0,89.0
535583.0,172.0
175400.0,37.0
760900.0,204.0
449600.0,103.0
382000.0,100.0
298300.0,74.0
865700.0,220.0
585100.0,171.0
550100.0,125.0
119100.0,31.0
831510.0,205.0
319300.0,67.0
597100.0,190.0
695800.0,131.0
182900.0,61.0
831510.0,205.0
463600.0,108.0
471700.0,145.0
678200.0,126.0
361100.0,104.0
831510.0,205.0
703600.0,144.0
873300.0,237.0
965400.0,176.0
491800.0,132.0
831510.0,205.0
535583.0,172.0
825100.0,185.0
499800.0,95.0
300700.0,95.0
476500.0,106.0
1091500.0,257.0
725900.0,189.0
267300.0,46.0
270700.0,87.0
523800.0,129.0
1159100.0,307.0
854500.0,239.0
481500.0,136.0
207800.0,63.0
371500.0,89.0
849900.0,213.0
400800.0,179.0
946600.0,151.0
293400.0,84.0
831510.0,205.0
683300.0,143.0
567000.0,197.0
554300.0,129.0
310400.0,80.0
831510.0,205.0
478800.0,110.0
495800.0,162.0
526700.0,113.0
252100.0,79.0
831510.0,205.0
464500.0,100.0
355600.0,143.0
236400.0,61.0
244700.0,68.0
380600.0,90.0
748400.0,176.0
447000.0,159.0
276600.0,68.0
174200.0,69.0
487800.0,88.0
752700.0,210.0
750300.0,188.0
564200.0,124.0
264400.0,86.0
488800.0,100.0
1088600.0,267.0
629700.0,222.0
292200.0,81.0
341100.0,102.0
250400.0,57.0
547100.0,141.0
316900.0,141.0
651100.0,119.0
174100.0,55.0
831510.0,205.0
530700.0,94.0
646000.0,192.0
313400.0,73.0
278600.0,77.0
365700.0,68.0
408700.0,124.0
394600.0,132.0
451800.0,88.0
221600.0,76.0
256000.0,67.0
853800.0,206.0
336000.0,143.0
428400.0,108.0
226400.0,64.0
831510.0,205.0
448300.0,101.0
439000.0,162.0
518200.0,101.0
297100.0,76.0
831510.0,205.0
227400.0,56.0
540800.0,181.0
494700.0,111.0
148600.0,57.0
308700.0,74.0
1051000.0,227.0
440300.0,156.0
307000.0,92.0
185600.0,63.0
317200.0,97.0
722600.0,170.0
464300.0,163.0
556300.0,118.0
157300.0,53.0
343200.0,104.0
1001800.0,281.0
185300.0,77.0
112000.0,30.0
150400.0,50.0
368400.0,99.0
639000.0,151.0
401600.0,119.0
327500.0,62.0
231300.0,80.0
321000.0,59.0
803600.0,165.0
495000.0,146.0
530900.0,119.0
200200.0,56.0
412400.0,102.0
849500.0,187.0
522100.0,178.0
616600.0,114.0
261200.0,52.0
482100.0,101.0
590200.0,151.0
534500.0,167.0
265200.0,69.0
106400.0,28.0
235000.0,62.0
302700.0,94.0
190500.0,126.0
616200.0,123.0
257600.0,48.0
412400.0,72.0
503800.0,143.0
451600.0,131.0
467300.0,108.0
193300.0,45.0
310000.0,70.0
708600.0,177.0
423200.0,111.0
522200.0,143.0
221200.0,76.0
95900.0,42.0
1052000.0,246.0
684800.0,198.0
701800.0,144.0
182900.0,51.0
373500.0,83.0
658200.0,189.0
557100.0,142.0
632000.0,133.0
30300.0,13.0
790752.0,205.0
622200.0,131.0
709000.0,218.0
671500.0,136.0
202800.0,64.0
790752.0,205.0
654600.0,131.0
650300.0,201.0
600000.0,118.0
361400.0,91.0
618400.0,129.0
1215000.0,287.0
752200.0,207.0
558600.0,122.0
466800.0,127.0
790752.0,205.0
583700.0,155.0
672500.0,229.0
507000.0,100.0
325300.0,85.0
790752.0,205.0
582500.0,125.0
378600.0,119.0
140700.0,55.0
374200.0,105.0
179800.0,55.0
169800.0,111.0
283600.0,86.0
514100.0,99.0
185500.0,62.0
267100.0,82.0
1017500.0,243.0
420500.0,122.0
502700.0,109.0
246100.0,76.0
515600.0,106.0
908700.0,270.0
393700.0,125.0
391400.0,83.0
346900.0,70.0
364600.0,98.0
1065700.0,246.0
353700.0,120.0
420800.0,102.0
232400.0,55.0
578800.0,118.0
1120800.0,286.0
506100.0,167.0
436300.0,97.0
255069.0,73.0
239100.0,77.0
349200.0,114.0
400.0,1.0
520000.0,107.0
332800.0,86.0
202500.0,66.0
980500.0,266.0
338300.0,132.0
334600.0,96.0
277800.0,81.0
336100.0,81.0
844200.0,239.0
684000.0,197.0
352800.0,93.0
286200.0,86.0
426700.0,80.0
874400.0,219.0
422900.0,162.0
553600.0,104.0
234400.0,78.0
335900.0,82.0
948100.0,250.0
404200.0,130.0
381300.0,92.0
261500.0,85.0
427800.0,96.0
832700.0,218.0
81300.0,45.0
432800.0,88.0
252200.0,85.0
790752.0,205.0
341900.0,86.0
439600.0,161.0
359600.0,79.0
212700.0,80.0
237700.0,83.0
467400.0,120.0
95600.0,36.0
315500.0,94.0
290600.0,90.0
790752.0,205.0
359900.0,78.0
408300.0,126.0
259000.0,85.0
272400.0,78.0
439800.0,97.0
635800.0,195.0
315900.0,131.0
420300.0,95.0
153100.0,76.0
475300.0,97.0
1120100.0,221.0
408600.0,139.0
258500.0,50.0
288100.0,81.0
409600.0,99.0
972400.0,233.0
310300.0,136.0
475400.0,113.0
340700.0,96.0
790752.0,205.0
511600.0,111.0
692000.0,187.0
538800.0,112.0
151900.0,38.0
524500.0,117.0
933600.0,207.0
755800.0,234.0
407300.0,109.0
169900.0,53.0
258900.0,71.0
344600.0,113.0
440200.0,177.0
382400.0,101.0
163300.0,44.0
420500.0,97.0
680000.0,154.0
503800.0,171.0
689200.0,128.0
145700.0,26.0
291500.0,60.0
795800.0,180.0
566500.0,149.0
968700.0,180.0
116700.0,45.0
454900.0,99.0
1043500.0,251.0
542500.0,184.0
691600.0,156.0
456400.0,130.0
778933.0,195.0
468000.0,110.0
682000.0,253.0
339000.0,93.0
168700.0,48.0
389300.0,97.0
1037500.0,267.0
606900.0,171.0
386500.0,87.0
67500.0,22.0
212100.0,75.0
352300.0,119.0
214400.0,147.0
451700.0,101.0
419700.0,94.0
503600.0,123.0
1040300.0,232.0
600200.0,159.0
182700.0,36.0
262600.0,70.0
564200.0,128.0
923100.0,250.0
735500.0,192.0
501600.0,121.0
451200.0,111.0
778933.0,195.0
410500.0,104.0
617300.0,190.0
650900.0,130.0
366200.0,90.0
778933.0,195.0
406900.0,109.0
685600.0,167.0
254000.0,57.0
338800.0,90.0
512500.0,116.0
879100.0,201.0
568200.0,163.0
451600.0,94.0
308600.0,76.0
366100.0,80.0
863000.0,229.0
480200.0,155.0
568200.0,117.0
406200.0,120.0
778933.0,195.0
568700.0,105.0
557100.0,173.0
430300.0,107.0
349100.0,118.0
315200.0,119.0
355700.0,108.0
278000.0,167.0
526100.0,110.0
291300.0,95.0
778933.0,195.0
277500.0,94.0
585600.0,171.0
503400.0,101.0
241900.0,76.0
428800.0,106.0
936700.0,208.0
562600.0,190.0
548000.0,124.0
226200.0,77.0
778933.0,195.0
324400.0,107.0
824600.0,195.0
411700.0,92.0
287200.0,90.0
521500.0,106.0
869000.0,212.0
535500.0,188.0
444800.0,107.0
304600.0,77.0
778933.0,195.0
353000.0,92.0
396400.0,116.0
479700.0,104.0
436000.0,130.0
437200.0,84.0
1196900.0,291.0
566900.0,162.0
276500.0,76.0
220700.0,67.0
358700.0,78.0
457000.0,146.0
416900.0,160.0
472300.0,84.0
363900.0,97.0
778933.0,195.0
359600.0,108.0
494600.0,144.0
246000.0,76.0
235400.0,76.0
163000.0,68.0
384700.0,111.0
230300.0,85.0
344100.0,101.0
210800.0,89.0
480700.0,105.0
969400.0,243.0
445600.0,114.0
362900.0,121.0
343200.0,94.0
778933.0,195.0
430300.0,100.0
398000.0,133.0
177600.0,53.0
468700.0,109.0
244600.0,80.0
854200.0,195.0
486400.0,126.0
146400.0,33.0
264300.0,98.0
549300.0,103.0
991400.0,233.0
171400.0,85.0
442800.0,107.0
376000.0,106.0
169600.0,69.0
449800.0,140.0
262600.0,117.0
821300.0,155.0
364300.0,118.0
778933.0,195.0
381700.0,105.0
1037800.0,251.0
315400.0,78.0
429200.0,125.0
725500.0,192.0
427100.0,95.0
377900.0,144.0
606700.0,127.0
469500.0,120.0
725500.0,192.0
628000.0,98.0
792900.0,221.0
471000.0,109.0
245300.0,74.0
579900.0,122.0
1191800.0,269.0
831400.0,193.0
269200.0,63.0
377700.0,102.0
725500.0,192.0
713100.0,144.0
509600.0,134.0
458000.0,80.0
355500.0,100.0
725500.0,192.0
461300.0,122.0
635200.0,205.0
905800.0,145.0
431100.0,127.0
725500.0,192.0
757500.0,146.0
839600.0,225.0
682600.0,141.0
273400.0,90.0
725500.0,192.0
679100.0,117.0
741700.0,167.0
824000.0,161.0
495900.0,127.0
725500.0,192.0
750600.0,161.0
386200.0,77.0
829800.0,145.0
417800.0,129.0
619100.0,140.0
997200.0,219.0
403400.0,123.0
666700.0,138.0
391300.0,106.0
725500.0,192.0
674500.0,116.0
875100.0,205.0
528900.0,144.0
572700.0,133.0
725500.0,192.0
820600.0,167.0
789300.0,204.0
648300.0,127.0
358500.0,119.0
486627.0,108.0
569300.0,138.0
419400.0,128.0
394600.0,94.0
289800.0,103.0
318800.0,104.0
842200.0,234.0
344500.0,138.0
174000.0,41.0
268900.0,96.0
166000.0,60.0
399100.0,153.0
2600.0,4.0
197000.0,57.0
261100.0,83.0
282700.0,62.0
442900.0,160.0
100500.0,33.0
298200.0,90.0
378500.0,120.0
152900.0,65.0
603300.0,201.0
237000.0,90.0
486700.0,86.0
324400.0,90.0
725500.0,192.0
269100.0,55.0
556900.0,151.0
348600.0,90.0
254400.0,107.0
725500.0,192.0
411200.0,102.0
710300.0,165.0
520000.0,116.0
248100.0,84.0
475300.0,110.0
858000.0,240.0
408100.0,139.0
395800.0,89.0
222900.0,106.0
578800.0,124.0
354800.0,123.0
314600.0,130.0
583500.0,124.0
393900.0,86.0
554000.0,147.0
1095900.0,225.0
514100.0,155.0
512000.0,106.0
310100.0,89.0
725500.0,192.0
369600.0,89.0
399500.0,124.0
332800.0,68.0
329200.0,102.0
725500.0,192.0
336300.0,97.0
737300.0,196.0
648700.0,123.0
350400.0,96.0
510300.0,102.0
933800.0,306.0
628200.0,199.0
365300.0,73.0
228200.0,74.0
263700.0,83.0
642700.0,152.0
152600.0,89.0
396000.0,82.0
128800.0,58.0
238900.0,68.0
843800.0,155.0
21000.0,3.0
246900.0,75.0
197100.0,98.0
497427.0,142.0
420200.0,85.0
382200.0,116.0
672700.0,132.0
494200.0,129.0
725500.0,192.0
568500.0,113.0
523300.0,148.0
504800.0,102.0
378100.0,116.0
725500.0,192.0
441500.0,108.0
525300.0,148.0
371500.0,71.0
211500.0,85.0
725500.0,192.0
438900.0,98.0
520100.0,139.0
573900.0,106.0
297000.0,99.0
725500.0,192.0
691300.0,130.0
625200.0,173.0
670700.0,137.0
401000.0,108.0
788780.0,192.0
452100.0,106.0
772300.0,191.0
688700.0,134.0
289000.0,122.0
788780.0,192.0
767000.0,126.0
921900.0,221.0
803600.0,141.0
122300.0,46.0
513509.0,114.0
788780.0,192.0
830800.0,229.0
755300.0,139.0
404600.0,103.0
788780.0,192.0
518600.0,147.0
631400.0,179.0
555400.0,110.0
236800.0,74.0
788780.0,192.0
825600.0,143.0
639600.0,182.0
738900.0,148.0
467400.0,132.0
513509.0,114.0
853600.0,197.0
653100.0,194.0
404000.0,94.0
342500.0,91.0
788780.0,192.0
875100.0,193.0
592600.0,159.0
571822.0,114.0
586900.0,139.0
513509.0,114.0
788780.0,192.0
48400.0,29.0
735500.0,153.0
312200.0,85.0
788780.0,192.0
817800.0,162.0
759100.0,180.0
606100.0,130.0
436500.0,119.0
513509.0,114.0
1079600.0,237.0
705400.0,220.0
297400.0,68.0
449800.0,150.0
349900.0,70.0
302300.0,144.0
233000.0,79.0
658000.0,133.0
443800.0,114.0
513509.0,114.0
788780.0,192.0
653500.0,162.0
638600.0,117.0
282300.0,90.0
656900.0,110.0
1107200.0,239.0
575300.0,176.0
644600.0,124.0
282700.0,91.0
443400.0,98.0
889000.0,215.0
522200.0,119.0
651000.0,117.0
297300.0,72.0
425000.0,143.0
952300.0,196.0
363000.0,113.0
551100.0,125.0
234100.0,81.0
788780.0,192.0
410900.0,96.0
494800.0,150.0
484200.0,103.0
381000.0,115.0
277400.0,75.0
389000.0,111.0
440200.0,132.0
484500.0,99.0
293600.0,72.0
788780.0,192.0
569500.0,135.0
609200.0,170.0
551000.0,106.0
241100.0,76.0
634100.0,134.0
898100.0,214.0
731400.0,229.0
458200.0,96.0
380200.0,104.0
237900.0,63.0
1004700.0,241.0
653100.0,201.0
521800.0,91.0
192900.0,71.0
436000.0,92.0
760100.0,218.0
557800.0,155.0
402100.0,88.0
194300.0,81.0
395500.0,89.0
833600.0,204.0
492000.0,156.0
599100.0,99.0
175300.0,96.0
504800.0,103.0
920200.0,184.0
712500.0,215.0
358200.0,98.0
243100.0,107.0
160400.0,78.0
215100.0,76.0
26700.0,14.0
572500.0,122.0
391600.0,91.0
788780.0,192.0
532500.0,121.0
628400.0,162.0
295000.0,57.0
304200.0,82.0
514400.0,127.0
923100.0,212.0
670300.0,174.0
480100.0,101.0
338000.0,96.0
513900.0,114.0
703800.0,188.0
528000.0,133.0
833600.0,150.0
457200.0,111.0
788780.0,192.0
492000.0,102.0
606800.0,172.0
480700.0,91.0
314800.0,94.0
778079.0,189.0
671600.0,117.0
738100.0,188.0
519400.0,122.0
338700.0,94.0
583500.0,114.0
640600.0,170.0
516400.0,193.0
525000.0,120.0
201000.0,74.0
476100.0,119.0
517200.0,131.0
413300.0,171.0
577300.0,117.0
297700.0,98.0
778079.0,189.0
621700.0,133.0
464100.0,152.0
491900.0,102.0
575300.0,138.0
778079.0,189.0
780300.0,142.0
733800.0,243.0
664900.0,143.0
328600.0,86.0
778079.0,189.0
784500.0,133.0
771600.0,195.0
800000.0,137.0
426300.0,113.0
778079.0,189.0
497420.0,161.0
867000.0,182.0
539823.0,110.0
292900.0,93.0
530466.0,116.0
778079.0,189.0
502900.0,195.0
747200.0,160.0
368500.0,119.0
778079.0,189.0
838200.0,157.0
882200.0,208.0
813200.0,151.0
400000.0,116.0
778079.0,189.0
713600.0,161.0
908900.0,232.0
562800.0,100.0
387200.0,121.0
191400.0,53.0
668800.0,146.0
158000.0,45.0
826700.0,150.0
484600.0,107.0
530466.0,116.0
778079.0,189.0
869800.0,202.0
767800.0,122.0
286400.0,76.0
778079.0,189.0
398200.0,86.0
395500.0,124.0
593200.0,115.0
337800.0,99.0
463400.0,95.0
971600.0,214.0
378800.0,126.0
447600.0,107.0
453000.0,97.0
778079.0,189.0
359700.0,81.0
492300.0,170.0
555700.0,115.0
331100.0,111.0
530600.0,107.0
1171900.0,286.0
645700.0,224.0
499200.0,98.0
305200.0,103.0
293100.0,87.0
439700.0,143.0
289400.0,144.0
589700.0,104.0
313500.0,84.0
356900.0,114.0
1015600.0,237.0
228800.0,103.0
516700.0,99.0
207400.0,86.0
778079.0,189.0
494600.0,110.0
549000.0,198.0
639700.0,145.0
444200.0,119.0
778079.0,189.0
444900.0,122.0
465400.0,157.0
392800.0,73.0
272700.0,115.0
609700.0,117.0
1027900.0,238.0
532300.0,182.0
347200.0,93.0
257000.0,89.0
580100.0,127.0
978600.0,196.0
415700.0,171.0
501800.0,118.0
219300.0,98.0
778079.0,189.0
391100.0,101.0
566200.0,152.0
197800.0,72.0
269600.0,96.0
294400.0,79.0
352500.0,121.0
240900.0,127.0
475300.0,96.0
295700.0,85.0
487600.0,118.0
954500.0,229.0
393400.0,135.0
249900.0,53.0
254200.0,102.0
778079.0,189.0
391200.0,96.0
444100.0,138.0
319400.0,79.0
91200.0,47.0
562500.0,118.0
914300.0,205.0
477200.0,162.0
672400.0,107.0
360000.0,97.0
778079.0,189.0
778100.0,170.0
122300.0,48.0
519400.0,94.0
361100.0,105.0
352800.0,82.0
901300.0,202.0
384200.0,119.0
444000.0,114.0
388500.0,111.0
778079.0,189.0
722900.0,147.0
604500.0,191.0
456000.0,102.0
379800.0,113.0
343800.0,98.0
338600.0,126.0
337800.0,141.0
505600.0,104.0
356900.0,104.0
741275.0,174.0
682900.0,143.0
633100.0,185.0
763600.0,135.0
231400.0,81.0
741275.0,174.0
909100.0,180.0
887800.0,205.0
608400.0,118.0
319700.0,82.0
741275.0,174.0
620200.0,127.0
988400.0,225.0
655000.0,129.0
297500.0,100.0
741275.0,174.0
689144.0,182.0
456700.0,135.0
771000.0,118.0
276500.0,85.0
741275.0,174.0
721100.0,156.0
1024000.0,260.0
560300.0,114.0
408100.0,127.0
493829.0,120.0
741275.0,174.0
703300.0,198.0
666200.0,136.0
568600.0,148.0
493829.0,120.0
741275.0,174.0
899700.0,230.0
565000.0,159.0
373100.0,137.0
283000.0,90.0
553400.0,144.0
597300.0,232.0
374000.0,88.0
344600.0,125.0
493829.0,120.0
741275.0,174.0
849500.0,208.0
723100.0,150.0
366400.0,117.0
493829.0,120.0
741275.0,174.0
930400.0,238.0
870400.0,160.0
220900.0,92.0
493829.0,120.0
741275.0,174.0
845400.0,161.0
614500.0,122.0
479500.0,121.0
493829.0,120.0
741275.0,174.0
893400.0,240.0
505000.0,114.0
263200.0,109.0
741275.0,174.0
618900.0,140.0
828700.0,217.0
333200.0,66.0
233300.0,110.0
385100.0,98.0
686800.0,158.0
408900.0,132.0
347000.0,86.0
337000.0,102.0
741275.0,174.0
498600.0,106.0
486800.0,137.0
461100.0,97.0
443400.0,115.0
478700.0,127.0
987100.0,253.0
619900.0,157.0
536600.0,104.0
228400.0,97.0
582400.0,133.0
493100.0,110.0
815400.0,166.0
341800.0,91.0
148500.0,49.0
741275.0,174.0
406800.0,106.0
686000.0,200.0
603300.0,116.0
332900.0,93.0
741275.0,174.0
569700.0,162.0
769200.0,222.0
590800.0,119.0
389200.0,111.0
741275.0,174.0
689144.0,182.0
525600.0,138.0
548200.0,99.0
240800.0,111.0
234500.0,91.0
901500.0,182.0
516000.0,136.0
548000.0,106.0
211900.0,84.0
741275.0,174.0
689144.0,182.0
334300.0,105.0
560200.0,99.0
360600.0,100.0
741275.0,174.0
417000.0,99.0
452700.0,131.0
688900.0,98.0
309300.0,110.0
193800.0,71.0
853800.0,211.0
450300.0,125.0
454500.0,93.0
282300.0,89.0
584400.0,125.0
1064500.0,222.0
371700.0,94.0
344300.0,62.0
309600.0,102.0
741275.0,174.0
480800.0,120.0
281900.0,118.0
657800.0,111.0
475300.0,129.0
741275.0,174.0
550500.0,118.0
685400.0,179.0
119100.0,27.0
307000.0,131.0
196200.0,70.0
390000.0,111.0
551300.0,153.0
213200.0,64.0
310500.0,104.0
741275.0,174.0
490000.0,116.0
650400.0,170.0
644500.0,118.0
460800.0,116.0
741275.0,174.0
631600.0,134.0
780000.0,185.0
1034000.0,169.0
148800.0,47.0
748100.0,160.0
1032200.0,248.0
983100.0,245.0
558000.0,124.0
367000.0,110.0
800700.0,175.0
1156400.0,246.0
802000.0,215.0
470100.0,117.0
253100.0,88.0
906200.0,220.0
717000.0,149.0
693300.0,174.0
542800.0,100.0
400200.0,115.0
906200.0,220.0
823300.0,171.0
668600.0,190.0
406500.0,113.0
572600.0,139.0
527300.0,145.0
540100.0,175.0
495600.0,184.0
765500.0,142.0
288500.0,95.0
595350.0,129.0
906200.0,220.0
870500.0,231.0
704400.0,121.0
375400.0,116.0
595350.0,129.0
906200.0,220.0
937400.0,235.0
816800.0,170.0
362800.0,97.0
906200.0,220.0
950000.0,181.0
887000.0,198.0
656600.0,135.0
295100.0,121.0
906200.0,220.0
828100.0,156.0
829100.0,193.0
954500.0,173.0
395200.0,128.0
595350.0,129.0
906200.0,220.0
858900.0,242.0
894500.0,143.0
273500.0,98.0
906200.0,220.0
834500.0,184.0
879100.0,165.0
794600.0,143.0
451200.0,117.0
595350.0,129.0
906200.0,220.0
910300.0,202.0
645700.0,126.0
423000.0,109.0
906200.0,220.0
890100.0,190.0
833200.0,186.0
349200.0,81.0
405000.0,107.0
906200.0,220.0
470500.0,111.0
525500.0,156.0
553300.0,123.0
357900.0,89.0
616700.0,103.0
1066100.0,247.0
464500.0,150.0
494100.0,119.0
291200.0,100.0
906200.0,220.0
507500.0,94.0
397800.0,115.0
307100.0,71.0
169300.0,75.0
419400.0,101.0
1162000.0,278.0
440800.0,122.0
509400.0,106.0
443200.0,118.0
906200.0,220.0
415700.0,95.0
721500.0,209.0
278600.0,76.0
321500.0,113.0
248700.0,82.0
797200.0,179.0
359100.0,144.0
410200.0,97.0
262300.0,108.0
906200.0,220.0
425100.0,104.0
363700.0,129.0
660200.0,112.0
425500.0,107.0
906200.0,220.0
597000.0,105.0
692100.0,168.0
709300.0,131.0
425400.0,120.0
906200.0,220.0
489200.0,108.0
460400.0,134.0
421300.0,113.0
327100.0,99.0
524300.0,126.0
973200.0,244.0
476200.0,130.0
445100.0,90.0
283000.0,106.0
906200.0,220.0
309200.0,87.0
464300.0,131.0
659400.0,121.0
136900.0,40.0
605900.0,124.0
1034000.0,266.0
540000.0,139.0
272300.0,98.0
321953.0,100.0
293400.0,88.0
428600.0,107.0
139500.0,80.0
482700.0,113.0
102500.0,59.0
595350.0,129.0
906200.0,220.0
637300.0,178.0
497600.0,120.0
191300.0,75.0
906200.0,220.0
590300.0,125.0
326300.0,132.0
638100.0,101.0
219200.0,90.0
645100.0,128.0
872200.0,207.0
355700.0,126.0
399500.0,103.0
289500.0,93.0
906200.0,220.0
445700.0,121.0
488900.0,136.0
406700.0,102.0
401400.0,128.0
906200.0,220.0
756300.0,149.0
501100.0,154.0
375500.0,105.0
307200.0,95.0
293200.0,65.0
542800.0,131.0
583500.0,233.0
860200.0,153.0
235900.0,90.0
785758.0,192.0
804300.0,172.0
690400.0,174.0
705600.0,135.0
286800.0,96.0
785758.0,192.0
631300.0,156.0
734300.0,190.0
757600.0,151.0
222900.0,86.0
785758.0,192.0
874400.0,169.0
828000.0,249.0
429100.0,86.0
197500.0,77.0
785758.0,192.0
528900.0,148.0
691400.0,184.0
727100.0,134.0
293400.0,96.0
785758.0,192.0
597400.0,121.0
997300.0,201.0
517800.0,100.0
334300.0,105.0
785758.0,192.0
696200.0,133.0
920700.0,246.0
617900.0,122.0
292200.0,97.0
785758.0,192.0
747000.0,174.0
733100.0,189.0
633100.0,132.0
377800.0,131.0
494200.0,149.0
1040200.0,239.0
819800.0,193.0
351300.0,77.0
474200.0,149.0
526300.0,135.0
645300.0,136.0
593800.0,187.0
953900.0,146.0
375900.0,104.0
785758.0,192.0
724400.0,146.0
646400.0,178.0
234500.0,46.0
585200.0,127.0
785758.0,192.0
508000.0,151.0
775300.0,200.0
566500.0,106.0
325500.0,102.0
335000.0,76.0
740300.0,159.0
521500.0,167.0
551000.0,97.0
382900.0,104.0
785758.0,192.0
477100.0,104.0
493000.0,151.0
799400.0,156.0
421900.0,120.0
785758.0,192.0
562000.0,111.0
649800.0,176.0
155800.0,28.0
332700.0,111.0
307000.0,72.0
313700.0,103.0
223500.0,113.0
413300.0,93.0
387200.0,118.0
785758.0,192.0
532700.0,120.0
627700.0,141.0
444700.0,117.0
397300.0,115.0
323700.0,85.0
1048100.0,256.0
557000.0,191.0
610600.0,123.0
344000.0,97.0
785758.0,192.0
615700.0,111.0
592200.0,173.0
520500.0,105.0
557700.0,128.0
785758.0,192.0
263800.0,87.0
630400.0,145.0
450900.0,96.0
268600.0,84.0
447900.0,89.0
1001300.0,251.0
755700.0,161.0
721800.0,147.0
463800.0,141.0
780500.0,154.0
1123700.0,268.0
520200.0,160.0
388600.0,122.0
179800.0,98.0
298200.0,106.0
359200.0,115.0
243500.0,93.0
462000.0,113.0
218800.0,93.0
332200.0,93.0
1153700.0,271.0
606000.0,169.0
145100.0,38.0
196000.0,68.0
785758.0,192.0
550200.0,107.0
206700.0,78.0
574000.0,118.0
162100.0,55.0
785758.0,192.0
506000.0,95.0
672500.0,164.0
410600.0,94.0
346000.0,100.0
451400.0,116.0
816100.0,189.0
519900.0,153.0
647300.0,97.0
320800.0,93.0
785758.0,192.0
446100.0,113.0
495400.0,132.0
763400.0,128.0
407100.0,128.0
785758.0,192.0
802000.0,157.0
912600.0,220.0
827200.0,170.0
425600.0,133.0
477200.0,123.0
644700.0,185.0
575700.0,194.0
863100.0,152.0
273500.0,99.0
894379.0,214.0
763100.0,140.0
424000.0,152.0
915100.0,173.0
597700.0,118.0
894379.0,214.0
395900.0,89.0
814900.0,222.0
568700.0,131.0
308500.0,104.0
894379.0,214.0
701400.0,149.0
436900.0,164.0
631600.0,128.0
370000.0,124.0
419400.0,109.0
749300.0,158.0
411700.0,183.0
365300.0,111.0
210700.0,71.0
894379.0,214.0
729100.0,156.0
807100.0,209.0
453200.0,101.0
209700.0,73.0
894379.0,214.0
526900.0,123.0
528300.0,126.0
593500.0,145.0
531100.0,144.0
328900.0,93.0
616400.0,169.0
588400.0,203.0
820800.0,154.0
444300.0,111.0
894379.0,214.0
180400.0,37.0
672500.0,176.0
619800.0,132.0
611700.0,150.0
894379.0,214.0
782400.0,130.0
622500.0,185.0
707700.0,137.0
366400.0,119.0
523043.0,117.0
894379.0,214.0
865500.0,194.0
693400.0,137.0
426000.0,116.0
686800.0,152.0
1132900.0,243.0
840500.0,182.0
570800.0,128.0
479600.0,121.0
894379.0,214.0
683600.0,148.0
761800.0,185.0
559060.0,121.0
285500.0,84.0
894379.0,214.0
415200.0,89.0
399900.0,152.0
228700.0,63.0
175200.0,57.0
138800.0,28.0
376800.0,103.0
108600.0,54.0
511300.0,101.0
341500.0,97.0
588600.0,105.0
1095200.0,254.0
401700.0,104.0
656700.0,120.0
475300.0,128.0
450100.0,106.0
1202600.0,263.0
570400.0,182.0
815300.0,163.0
517800.0,153.0
792800.0,160.0
1209600.0,274.0
551300.0,171.0
254700.0,71.0
431200.0,159.0
894379.0,214.0
886900.0,177.0
482900.0,174.0
359000.0,91.0
484700.0,117.0
527900.0,140.0
950900.0,239.0
562700.0,162.0
775800.0,155.0
227200.0,82.0
894379.0,214.0
583100.0,134.0
726000.0,221.0
365300.0,112.0
379800.0,125.0
203700.0,75.0
537900.0,120.0
192500.0,79.0
663500.0,124.0
295800.0,87.0
356900.0,104.0
1066000.0,247.0
395900.0,133.0
516700.0,109.0
218800.0,85.0
546400.0,106.0
720800.0,195.0
410200.0,145.0
292900.0,95.0
285600.0,109.0
894379.0,214.0
254200.0,41.0
416100.0,126.0
528400.0,110.0
272700.0,86.0
894379.0,214.0
511700.0,100.0
267900.0,117.0
512500.0,115.0
295200.0,101.0
894379.0,214.0
486800.0,107.0
364500.0,141.0
577000.0,137.0
199700.0,90.0
628800.0,145.0
1093000.0,285.0
560300.0,172.0
446000.0,120.0
324400.0,120.0
291900.0,92.0
741900.0,192.0
13500.0,2.0
383000.0,81.0
297400.0,71.0
894379.0,214.0
606600.0,161.0
356300.0,126.0
459400.0,105.0
259700.0,76.0
401200.0,120.0
1028000.0,247.0
445200.0,138.0
622600.0,141.0
240500.0,63.0
894379.0,214.0
821800.0,208.0
780800.0,184.0
609300.0,135.0
242600.0,68.0
831006.0,202.0
547900.0,114.0
602400.0,204.0
557200.0,125.0
234200.0,54.0
831006.0,202.0
675100.0,134.0
610800.0,186.0
629500.0,130.0
275000.0,87.0
746700.0,128.0
1110000.0,242.0
641000.0,208.0
537300.0,107.0
295600.0,92.0
539400.0,118.0
1157500.0,285.0
480400.0,132.0
460600.0,107.0
450400.0,110.0
831006.0,202.0
794000.0,145.0
686700.0,189.0
893000.0,188.0
473500.0,116.0
831006.0,202.0
652100.0,127.0
722300.0,168.0
624700.0,135.0
328400.0,100.0
831006.0,202.0
812500.0,165.0
570500.0,156.0
755200.0,137.0
363300.0,109.0
562262.0,121.0
831006.0,202.0
638000.0,199.0
326400.0,71.0
479300.0,166.0
345700.0,73.0
840200.0,235.0
290100.0,113.0
815800.0,135.0
509600.0,124.0
538200.0,132.0
1092700.0,253.0
651200.0,171.0
562800.0,117.0
361100.0,110.0
664500.0,127.0
1059800.0,217.0
707200.0,172.0
401800.0,102.0
321300.0,106.0
320700.0,94.0
622300.0,148.0
473200.0,146.0
726800.0,142.0
350600.0,95.0
831006.0,202.0
897400.0,169.0
567600.0,172.0
461300.0,115.0
608800.0,150.0
831006.0,202.0
554300.0,116.0
455700.0,140.0
444200.0,109.0
344837.0,107.0
198600.0,65.0
759300.0,215.0
433100.0,128.0
522000.0,116.0
306200.0,103.0
627900.0,134.0
776200.0,210.0
750400.0,195.0
577400.0,133.0
180100.0,73.0
671000.0,131.0
1015600.0,268.0
740600.0,202.0
459100.0,124.0
440600.0,151.0
196500.0,86.0
367900.0,115.0
354200.0,146.0
552100.0,111.0
460500.0,129.0
831006.0,202.0
546400.0,114.0
595400.0,168.0
645600.0,125.0
343800.0,123.0
507500.0,140.0
883200.0,199.0
536400.0,180.0
593400.0,132.0
291700.0,101.0
831006.0,202.0
564100.0,103.0
583600.0,144.0
512300.0,104.0
220800.0,93.0
572600.0,132.0
1011700.0,206.0
585700.0,179.0
440800.0,93.0
265000.0,99.0
683900.0,123.0
948900.0,221.0
419400.0,150.0
391900.0,103.0
331400.0,113.0
286200.0,51.0
776600.0,232.0
627100.0,180.0
710200.0,136.0
334000.0,138.0
562262.0,121.0
25700.0,11.0
362400.0,135.0
752700.0,145.0
342300.0,85.0
831006.0,202.0
233300.0,76.0
360200.0,138.0
560300.0,125.0
304700.0,105.0
831006.0,202.0
734500.0,139.0
762700.0,185.0
454900.0,107.0
294600.0,107.0
376000.0,103.0
754700.0,179.0
340700.0,121.0
588400.0,122.0
191900.0,89.0
608400.0,150.0
924800.0,191.0
763300.0,141.0
395400.0,84.0
347500.0,106.0
831006.0,202.0
673800.0,162.0
429400.0,145.0
565413.0,120.0
396300.0,96.0
831006.0,202.0
736400.0,154.0
728200.0,177.0
543800.0,113.0
215300.0,73.0
795082.0,193.0
706900.0,152.0
668000.0,217.0
820700.0,146.0
139000.0,54.0
795082.0,193.0
495407.0,153.0
574500.0,116.0
943900.0,173.0
379300.0,104.0
659100.0,102.0
1073200.0,245.0
528600.0,115.0
652300.0,111.0
274600.0,88.0
567300.0,101.0
1074600.0,239.0
672500.0,187.0
453500.0,101.0
348900.0,103.0
497700.0,104.0
770400.0,200.0
635200.0,158.0
532900.0,133.0
379000.0,105.0
363600.0,94.0
712100.0,194.0
376400.0,165.0
501600.0,104.0
509900.0,127.0
795082.0,193.0
617900.0,158.0
549600.0,165.0
520900.0,133.0
335700.0,127.0
363800.0,105.0
902000.0,208.0
283400.0,150.0
1000.0,2.0
394200.0,119.0
532900.0,96.0
653900.0,176.0
282200.0,102.0
582100.0,140.0
334900.0,110.0
549137.0,120.0
795082.0,193.0
553200.0,195.0
907800.0,148.0
326500.0,95.0
549137.0,120.0
795082.0,193.0
755900.0,189.0
762500.0,135.0
377700.0,98.0
795082.0,193.0
734900.0,125.0
883100.0,203.0
508100.0,121.0
426700.0,129.0
795082.0,193.0
753900.0,137.0
576800.0,154.0
658800.0,126.0
362200.0,100.0
795082.0,193.0
650400.0,137.0
590100.0,166.0
439700.0,103.0
424200.0,132.0
519900.0,129.0
733800.0,142.0
324600.0,151.0
459300.0,74.0
187800.0,91.0
411400.0,123.0
820100.0,178.0
524900.0,169.0
468300.0,113.0
315700.0,114.0
549137.0,120.0
752700.0,183.0
584500.0,151.0
623700.0,121.0
275600.0,84.0
498800.0,118.0
829900.0,186.0
32200.0,25.0
558300.0,111.0
338300.0,129.0
530800.0,129.0
1087400.0,229.0
695300.0,195.0
343900.0,92.0
160700.0,98.0
584100.0,127.0
623400.0,186.0
512700.0,142.0
538800.0,125.0
223800.0,73.0
523800.0,119.0
798200.0,203.0
507100.0,173.0
147000.0,61.0
261000.0,115.0
262400.0,74.0
457300.0,107.0
245900.0,113.0
426800.0,100.0
289600.0,116.0
795082.0,193.0
499300.0,136.0
517500.0,177.0
504200.0,133.0
319000.0,102.0
575300.0,130.0
797700.0,209.0
354000.0,132.0
384000.0,102.0
323900.0,106.0
795082.0,193.0
472000.0,119.0
493300.0,149.0
515000.0,114.0
283700.0,112.0
795082.0,193.0
774200.0,137.0
354200.0,133.0
345700.0,105.0
346900.0,120.0
795082.0,193.0
346200.0,108.0
375400.0,135.0
796200.0,130.0
462600.0,107.0
773300.0,109.0
923500.0,256.0
724600.0,196.0
489000.0,133.0
536200.0,151.0
517200.0,127.0
506200.0,137.0
204100.0,73.0
742600.0,127.0
371000.0,110.0
795082.0,193.0
515100.0,116.0
561500.0,166.0
709300.0,132.0
336000.0,100.0
843162.0,198.0
568900.0,118.0
741100.0,168.0
246700.0,76.0
407900.0,122.0
333300.0,102.0
587300.0,150.0
445500.0,164.0
524800.0,110.0
304000.0,113.0
590690.0,169.0
275400.0,69.0
547300.0,154.0
957500.0,150.0
458200.0,118.0
843162.0,198.0
329500.0,85.0
609900.0,178.0
590000.0,105.0
315400.0,92.0
843162.0,198.0
159200.0,34.0
912900.0,197.0
572000.0,124.0
309600.0,95.0
843162.0,198.0
521800.0,115.0
488300.0,174.0
785000.0,140.0
471700.0,126.0
843162.0,198.0
689900.0,124.0
509700.0,152.0
536100.0,114.0
439200.0,100.0
843162.0,198.0
449700.0,97.0
721600.0,183.0
368100.0,68.0
480800.0,138.0
501600.0,117.0
843162.0,198.0
723000.0,163.0
801900.0,142.0
446800.0,106.0
501600.0,117.0
843162.0,198.0
755500.0,185.0
509100.0,109.0
361600.0,113.0
709000.0,164.0
385600.0,102.0
350300.0,119.0
440800.0,116.0
308800.0,101.0
843162.0,198.0
452600.0,130.0
631400.0,176.0
354100.0,98.0
488800.0,158.0
595600.0,127.0
362700.0,114.0
450800.0,161.0
602100.0,110.0
622400.0,146.0
488900.0,126.0
1070600.0,274.0
292400.0,125.0
716100.0,120.0
456800.0,125.0
843162.0,198.0
530300.0,126.0
385500.0,120.0
468800.0,93.0
234100.0,80.0
369900.0,95.0
1218900.0,248.0
366600.0,109.0
693900.0,119.0
277900.0,101.0
843162.0,198.0
567600.0,109.0
471000.0,134.0
324700.0,90.0
456800.0,128.0
397200.0,79.0
1014800.0,209.0
601800.0,174.0
340100.0,72.0
371300.0,103.0
568500.0,120.0
993400.0,214.0
676500.0,195.0
412400.0,88.0
367100.0,132.0
424800.0,109.0
643500.0,163.0
400600.0,183.0
415400.0,103.0
288000.0,88.0
562700.0,117.0
859100.0,173.0
463100.0,152.0
593900.0,129.0
234100.0,106.0
611900.0,155.0
1018600.0,213.0
508100.0,156.0
526200.0,122.0
325800.0,92.0
356000.0,104.0
844300.0,204.0
616400.0,171.0
592200.0,125.0
363400.0,98.0
455600.0,97.0
900400.0,221.0
929100.0,213.0
587200.0,112.0
330900.0,108.0
520800.0,119.0
959000.0,215.0
658700.0,170.0
634500.0,156.0
417500.0,100.0
843162.0,198.0
560700.0,152.0
650400.0,173.0
313200.0,114.0
239500.0,111.0
389700.0,133.0
980200.0,262.0
470800.0,219.0
646500.0,141.0
272600.0,105.0
843162.0,198.0
471000.0,111.0
891700.0,188.0
737100.0,163.0
540600.0,124.0
772300.0,155.0
1104900.0,260.0
651200.0,187.0
863000.0,162.0
381000.0,108.0
501600.0,117.0
843162.0,198.0
631300.0,197.0
761000.0,150.0
495100.0,118.0
843162.0,198.0
912000.0,192.0
715500.0,194.0
734400.0,132.0
341600.0,106.0
595658.0,146.0
821663.0,199.0
589800.0,218.0
702800.0,148.0
292200.0,84.0
618200.0,115.0
1109900.0,254.0
624300.0,188.0
434200.0,100.0
263700.0,80.0
821663.0,199.0
694400.0,134.0
602300.0,154.0
599500.0,102.0
403300.0,122.0
342100.0,100.0
743200.0,168.0
488800.0,136.0
351000.0,87.0
338400.0,91.0
821663.0,199.0
668200.0,157.0
613900.0,185.0
596400.0,108.0
484000.0,135.0
821663.0,199.0
584900.0,136.0
784700.0,190.0
648100.0,135.0
357200.0,115.0
821663.0,199.0
666400.0,147.0
110300.0,46.0
192300.0,54.0
428000.0,109.0
473400.0,139.0
497000.0,127.0
296900.0,121.0
529100.0,112.0
279800.0,106.0
821663.0,199.0
617000.0,120.0
733800.0,176.0
618900.0,133.0
343900.0,100.0
821663.0,199.0
509300.0,132.0
736000.0,193.0
612800.0,118.0
273800.0,101.0
595658.0,146.0
821663.0,199.0
811200.0,185.0
593000.0,126.0
413200.0,107.0
821663.0,199.0
726500.0,157.0
546500.0,152.0
512600.0,125.0
487300.0,107.0
548600.0,142.0
1060400.0,236.0
285600.0,79.0
553100.0,116.0
353300.0,115.0
610100.0,160.0
1051100.0,233.0
806900.0,185.0
209200.0,40.0
491200.0,127.0
756800.0,163.0
699200.0,193.0
325200.0,120.0
214000.0,48.0
468600.0,133.0
572800.0,118.0
585300.0,140.0
499400.0,145.0
263200.0,78.0
394700.0,116.0
595658.0,146.0
496800.0,122.0
260600.0,114.0
592300.0,110.0
313800.0,93.0
406300.0,142.0
901700.0,205.0
712000.0,194.0
526200.0,112.0
329400.0,97.0
821663.0,199.0
464600.0,119.0
775300.0,180.0
564400.0,106.0
267600.0,91.0
652800.0,163.0
955300.0,217.0
492400.0,140.0
719000.0,127.0
379700.0,116.0
562400.0,183.0
914600.0,238.0
621700.0,179.0
489300.0,109.0
358100.0,117.0
473300.0,139.0
832700.0,219.0
652700.0,152.0
584000.0,130.0
408600.0,118.0
728600.0,176.0
915000.0,214.0
460500.0,145.0
252300.0,70.0
191100.0,71.0
416000.0,124.0
239700.0,70.0
165100.0,84.0
499900.0,111.0
411300.0,119.0
595658.0,146.0
780600.0,206.0
444300.0,144.0
391500.0,113.0
431100.0,131.0
547200.0,161.0
722200.0,199.0
512600.0,137.0
334300.0,67.0
219700.0,79.0
651300.0,169.0
974900.0,214.0
510600.0,138.0
518600.0,105.0
450400.0,114.0
769600.0,164.0
1013700.0,237.0
433800.0,142.0
565800.0,112.0
430600.0,124.0
638900.0,173.0
1118300.0,289.0
850600.0,162.0
326300.0,51.0
290800.0,85.0
821663.0,199.0
787400.0,171.0
756400.0,200.0
696600.0,140.0
329300.0,111.0
333000.0,84.0
1088400.0,284.0
564000.0,215.0
526200.0,111.0
459000.0,127.0
552000.0,131.0
1093500.0,231.0
665300.0,201.0
671100.0,130.0
426200.0,94.0
843450.0,205.0
455700.0,113.0
625300.0,163.0
370000.0,88.0
319500.0,105.0
843450.0,205.0
484900.0,125.0
527100.0,206.0
447100.0,113.0
329000.0,121.0
544100.0,139.0
686900.0,193.0
512100.0,209.0
557900.0,116.0
341500.0,110.0
528100.0,111.0
975200.0,246.0
482400.0,128.0
413700.0,108.0
280600.0,94.0
843450.0,205.0
547800.0,128.0
689500.0,153.0
766100.0,143.0
338000.0,97.0
843450.0,205.0
808200.0,158.0
524500.0,159.0
747100.0,144.0
415600.0,123.0
843450.0,205.0
562800.0,116.0
594500.0,186.0
725400.0,158.0
451700.0,136.0
489200.0,120.0
1105400.0,224.0
709900.0,199.0
558700.0,114.0
343200.0,100.0
843450.0,205.0
666700.0,145.0
887400.0,176.0
352200.0,68.0
352400.0,107.0
510500.0,137.0
697700.0,152.0
452100.0,125.0
477537.0,101.0
341590.0,100.0
459886.0,107.0
843450.0,205.0
534719.0,153.0
477537.0,101.0
341590.0,100.0
459886.0,107.0
843450.0,205.0
534719.0,153.0
477537.0,101.0
341590.0,100.0
459886.0,107.0
843450.0,205.0
534719.0,153.0
477537.0,101.0
341590.0,100.0
459886.0,107.0
843450.0,205.0
534719.0,153.0
477537.0,101.0
341590.0,100.0
459886.0,107.0
843450.0,205.0
534719.0,153.0
477537.0,101.0
341590.0,100.0
459886.0,107.0
843450.0,205.0
534719.0,153.0
477537.0,101.0
341590.0,100.0
459886.0,107.0
843450.0,205.0
534719.0,153.0
477537.0,101.0
341590.0,100.0
459886.0,107.0
843450.0,205.0
534719.0,153.0
477537.0,101.0
341590.0,100.0
459886.0,107.0
843450.0,205.0
534719.0,153.0
477537.0,101.0
341590.0,100.0
459886.0,107.0
843450.0,205.0
534719.0,153.0
325000.0,64.0
92500.0,17.0
104000.0,22.0
468300.0,118.0
175600.0,25.0
106100.0,38.0
147300.0,44.0
522200.0,110.0
775300.0,226.0
245200.0,60.0
21200.0,19.0
330400.0,129.0
233100.0,76.0
745500.0,177.0
254500.0,87.0
477537.0,101.0
340800.0,77.0
520800.0,92.0
956200.0,220.0
659100.0,167.0
477537.0,101.0
273000.0,73.0
82400.0,46.0
579000.0,165.0
550300.0,125.0
156300.0,43.0
353900.0,100.0
525600.0,116.0
1132600.0,280.0
469000.0,168.0
445400.0,103.0
312900.0,101.0
233300.0,65.0
438600.0,123.0
184100.0,89.0
465200.0,101.0
328700.0,98.0
576800.0,111.0
1065700.0,227.0
534800.0,145.0
721900.0,119.0
607900.0,144.0
843450.0,205.0
376400.0,110.0
922400.0,221.0
349500.0,68.0
360800.0,101.0
318400.0,85.0
1083400.0,235.0
268800.0,90.0
654500.0,133.0
384700.0,93.0
513737.0,129.0
814075.0,189.0
651400.0,154.0
341600.0,101.0
573800.0,130.0
513737.0,129.0
814075.0,189.0
805400.0,175.0
468077.0,95.0
389150.0,111.0
513737.0,129.0
814075.0,189.0
580754.0,153.0
443600.0,67.0
349200.0,70.0
478600.0,80.0
973000.0,215.0
438300.0,102.0
404100.0,96.0
395500.0,142.0
513737.0,129.0
814075.0,189.0
773100.0,193.0
357600.0,77.0
699500.0,142.0
513737.0,129.0
814075.0,189.0
801000.0,212.0
742300.0,121.0
528200.0,150.0
513737.0,129.0
814075.0,189.0
580754.0,153.0
529500.0,99.0
557000.0,140.0
513737.0,129.0
814075.0,189.0
983000.0,219.0
211700.0,40.0
671600.0,164.0
513737.0,129.0
814075.0,189.0
1141300.0,246.0
781400.0,127.0
506900.0,141.0
513737.0,129.0
814075.0,189.0
580754.0,153.0
194900.0,36.0
308400.0,78.0
513737.0,129.0
814075.0,189.0
1006700.0,197.0
498300.0,120.0
287100.0,84.0
664000.0,155.0
1038300.0,260.0
580100.0,186.0
231000.0,50.0
252600.0,115.0
294400.0,91.0
444200.0,129.0
293000.0,108.0
313100.0,69.0
461600.0,135.0
313800.0,78.0
522100.0,139.0
377200.0,96.0
217900.0,90.0
438400.0,130.0
354500.0,116.0
771000.0,195.0
352600.0,127.0
514700.0,97.0
342800.0,112.0
513737.0,129.0
1184400.0,260.0
660800.0,155.0
570700.0,105.0
404500.0,120.0
741600.0,170.0
775300.0,200.0
598900.0,152.0
530300.0,127.0
389500.0,123.0
461600.0,148.0
411500.0,113.0
266000.0,103.0
793400.0,119.0
310400.0,85.0
814075.0,189.0
762100.0,187.0
550500.0,168.0
244500.0,79.0
319800.0,85.0
814075.0,189.0
801900.0,175.0
373800.0,128.0
615800.0,127.0
220000.0,96.0
705700.0,157.0
1030800.0,202.0
572800.0,163.0
547200.0,103.0
264600.0,81.0
461800.0,110.0
736400.0,181.0
564300.0,130.0
380500.0,78.0
385300.0,118.0
362700.0,86.0
704200.0,162.0
591200.0,175.0
386900.0,70.0
258500.0,97.0
814075.0,189.0
636700.0,144.0
579700.0,166.0
435900.0,97.0
415800.0,118.0
349900.0,137.0
492500.0,110.0
365800.0,149.0
524800.0,112.0
279800.0,92.0
467400.0,127.0
1032800.0,208.0
511600.0,133.0
494900.0,86.0
398200.0,107.0
444200.0,139.0
836400.0,209.0
367500.0,106.0
372900.0,91.0
234200.0,84.0
549600.0,148.0
988900.0,206.0
606900.0,130.0
715300.0,129.0
274700.0,67.0
814075.0,189.0
592100.0,126.0
487200.0,126.0
643500.0,132.0
401100.0,120.0
513737.0,129.0
814075.0,189.0
692200.0,191.0
221600.0,49.0
257500.0,80.0
818831.0,187.0
836100.0,183.0
1031000.0,193.0
419200.0,119.0
543000.0,128.0
663121.0,154.0
726800.0,144.0
556200.0,162.0
845300.0,143.0
478400.0,154.0
663121.0,154.0
675400.0,151.0
435300.0,147.0
206200.0,58.0
313900.0,76.0
818831.0,187.0
820300.0,138.0
192700.0,52.0
455200.0,103.0
473000.0,109.0
818831.0,187.0
718600.0,138.0
883100.0,165.0
610400.0,142.0
639000.0,147.0
663121.0,154.0
818831.0,187.0
1130100.0,236.0
946800.0,145.0
229700.0,59.0
818831.0,187.0
650500.0,139.0
1179400.0,220.0
608900.0,116.0
551300.0,149.0
663121.0,154.0
818831.0,187.0
633146.0,158.0
723500.0,112.0
390700.0,105.0
818831.0,187.0
845300.0,173.0
892500.0,207.0
473093.0,100.0
134200.0,52.0
663121.0,154.0
818831.0,187.0
633146.0,158.0
469100.0,87.0
660500.0,161.0
663121.0,154.0
703100.0,133.0
776500.0,143.0
520500.0,102.0
495000.0,130.0
663121.0,154.0
695400.0,173.0
827800.0,161.0
14700.0,6.0
361600.0,118.0
613800.0,132.0
1054900.0,213.0
575400.0,163.0
420800.0,103.0
559300.0,132.0
768100.0,154.0
930400.0,247.0
484200.0,158.0
793000.0,140.0
400300.0,136.0
658000.0,162.0
1068700.0,235.0
832500.0,230.0
506900.0,132.0
376100.0,127.0
525000.0,182.0
402700.0,116.0
434600.0,116.0
451400.0,90.0
259100.0,77.0
818831.0,187.0
378700.0,111.0
565600.0,132.0
570700.0,122.0
377600.0,89.0
484000.0,102.0
909200.0,190.0
423600.0,131.0
359400.0,77.0
401700.0,121.0
666100.0,160.0
830800.0,199.0
548000.0,177.0
449200.0,99.0
363200.0,130.0
680200.0,150.0
1031000.0,233.0
771500.0,150.0
335400.0,103.0
484400.0,147.0
818831.0,187.0
731200.0,196.0
562700.0,164.0
320300.0,93.0
316300.0,123.0
582700.0,126.0
830600.0,216.0
511800.0,171.0
353200.0,93.0
310700.0,134.0
482700.0,146.0
305700.0,111.0
208000.0,94.0
508200.0,105.0
301000.0,102.0
639800.0,192.0
974000.0,216.0
617700.0,173.0
449300.0,85.0
271300.0,94.0
663121.0,154.0
818831.0,187.0
565700.0,155.0
367100.0,93.0
222100.0,94.0
693700.0,159.0
873700.0,215.0
408500.0,117.0
342500.0,85.0
266000.0,91.0
818831.0,187.0
824500.0,186.0
506500.0,137.0
504700.0,106.0
453000.0,123.0
663121.0,154.0
1088900.0,196.0
540900.0,160.0
552600.0,122.0
336400.0,105.0
831500.0,158.0
1202000.0,246.0
653800.0,171.0
666500.0,136.0
344200.0,95.0
794117.0,183.0
498600.0,140.0
643200.0,188.0
355400.0,72.0
547600.0,143.0
602955.0,135.0
794117.0,183.0
811400.0,194.0
141100.0,31.0
423800.0,99.0
602955.0,135.0
794117.0,183.0
1006500.0,212.0
545539.0,114.0
248200.0,83.0
794117.0,183.0
797800.0,155.0
925300.0,200.0
661200.0,132.0
364400.0,92.0
602955.0,135.0
794117.0,183.0
766600.0,154.0
940600.0,163.0
255000.0,70.0
602955.0,135.0
794117.0,183.0
1000800.0,195.0
418600.0,90.0
99600.0,71.0
602955.0,135.0
512000.0,137.0
506600.0,161.0
443000.0,85.0
415600.0,109.0
602955.0,135.0
794117.0,183.0
968300.0,208.0
545539.0,114.0
200.0,2.0
794117.0,183.0
81300.0,18.0
677500.0,152.0
629700.0,109.0
469700.0,103.0
602955.0,135.0
656900.0,132.0
690200.0,153.0
545539.0,114.0
512800.0,118.0
602955.0,135.0
794117.0,183.0
1108800.0,191.0
504500.0,113.0
305100.0,110.0
530100.0,118.0
1105900.0,223.0
388500.0,104.0
645700.0,121.0
333300.0,94.0
794117.0,183.0
442200.0,100.0
620800.0,173.0
473200.0,100.0
489000.0,127.0
794117.0,183.0
582300.0,132.0
492800.0,158.0
287000.0,84.0
368300.0,137.0
586200.0,143.0
565100.0,125.0
376300.0,167.0
525500.0,118.0
118800.0,71.0
794117.0,183.0
694369.0,172.0
819800.0,204.0
494800.0,101.0
360200.0,104.0
924000.0,206.0
827400.0,243.0
498900.0,150.0
576500.0,117.0
455000.0,119.0
699700.0,127.0
990700.0,246.0
788000.0,173.0
412900.0,104.0
422700.0,110.0
794117.0,183.0
474400.0,128.0
638300.0,159.0
577700.0,102.0
357500.0,107.0
591900.0,128.0
964100.0,209.0
709800.0,169.0
521600.0,108.0
238300.0,114.0
737000.0,164.0
918700.0,217.0
992500.0,232.0
448400.0,129.0
288900.0,113.0
465700.0,120.0
364200.0,106.0
377300.0,143.0
448800.0,103.0
338200.0,91.0
468100.0,88.0
767100.0,171.0
568400.0,143.0
448900.0,111.0
372700.0,101.0
794117.0,183.0
732500.0,128.0
609300.0,175.0
511400.0,96.0
468900.0,144.0
794117.0,183.0
701200.0,152.0
833700.0,200.0
759700.0,150.0
510400.0,137.0
794117.0,183.0
506800.0,142.0
567800.0,156.0
627400.0,120.0
378700.0,126.0
794117.0,183.0
773000.0,203.0
373400.0,137.0
936400.0,175.0
356900.0,105.0
602955.0,135.0
794117.0,183.0
1126600.0,240.0
519600.0,118.0
340100.0,131.0
439800.0,111.0
655300.0,146.0
415300.0,139.0
746400.0,178.0
765300.0,198.0
794117.0,183.0
694369.0,172.0
581100.0,105.0
291700.0,57.0
352600.0,108.0
722467.0,176.0
960600.0,168.0
769900.0,197.0
742200.0,117.0
540000.0,154.0
579788.0,122.0
722467.0,176.0
727100.0,195.0
604200.0,127.0
563500.0,128.0
579788.0,122.0
1120800.0,244.0
761000.0,175.0
500.0,1.0
478100.0,130.0
722467.0,176.0
605800.0,131.0
948100.0,177.0
494900.0,103.0
340500.0,99.0
533700.0,112.0
485300.0,116.0
459500.0,95.0
663900.0,111.0
334900.0,85.0
579788.0,122.0
722467.0,176.0
869800.0,171.0
780000.0,139.0
425200.0,114.0
799900.0,173.0
1211800.0,262.0
990700.0,216.0
79100.0,22.0
639200.0,151.0
579788.0,122.0
722467.0,176.0
729500.0,201.0
653400.0,118.0
493500.0,118.0
579788.0,122.0
722467.0,176.0
997500.0,233.0
304300.0,50.0
190500.0,49.0
722467.0,176.0
656583.0,161.0
764900.0,156.0
534000.0,96.0
1600.0,3.0
722467.0,176.0
592700.0,142.0
705000.0,159.0
158900.0,30.0
137000.0,46.0
725900.0,159.0
495100.0,130.0
915400.0,174.0
458000.0,105.0
257900.0,69.0
458200.0,117.0
635600.0,172.0
546200.0,171.0
176400.0,36.0
126200.0,35.0
722467.0,176.0
314100.0,71.0
356800.0,116.0
77000.0,15.0
200600.0,73.0
722467.0,176.0
449100.0,137.0
706700.0,179.0
20400.0,2.0
499800.0,125.0
722467.0,176.0
1102200.0,180.0
525700.0,147.0
28100.0,23.0
472100.0,123.0
722467.0,176.0
770000.0,157.0
706300.0,189.0
239900.0,88.0
413600.0,106.0
457600.0,91.0
759000.0,190.0
560300.0,130.0
398200.0,89.0
372300.0,105.0
630200.0,111.0
931600.0,198.0
604900.0,157.0
587100.0,99.0
361100.0,93.0
214700.0,64.0
317600.0,87.0
405500.0,101.0
512100.0,84.0
322500.0,94.0
722467.0,176.0
469100.0,109.0
1057300.0,213.0
606600.0,117.0
439100.0,128.0
510700.0,125.0
980900.0,245.0
641300.0,162.0
748700.0,152.0
371700.0,103.0
722467.0,176.0
618700.0,108.0
383300.0,121.0
453800.0,74.0
29300.0,7.0
143400.0,54.0
219100.0,123.0
177300.0,81.0
494100.0,103.0
331000.0,103.0
722467.0,176.0
502200.0,116.0
699700.0,155.0
846700.0,143.0
511300.0,137.0
722467.0,176.0
619000.0,118.0
427600.0,153.0
394000.0,88.0
254000.0,136.0
248300.0,68.0
468300.0,122.0
428500.0,127.0
313200.0,94.0
295200.0,98.0
722467.0,176.0
703700.0,117.0
531600.0,168.0
618200.0,123.0
374100.0,92.0
419900.0,100.0
1044500.0,218.0
344600.0,116.0
772800.0,153.0
361500.0,95.0
722467.0,176.0
880100.0,169.0
1063800.0,200.0
510200.0,127.0
516200.0,140.0
523900.0,155.0
697700.0,175.0
395000.0,164.0
437800.0,96.0
354500.0,119.0
865092.0,189.0
708600.0,173.0
741900.0,194.0
619500.0,133.0
460500.0,131.0
695857.0,152.0
865092.0,189.0
922700.0,189.0
567580.0,111.0
401700.0,112.0
865092.0,189.0
831700.0,140.0
772600.0,182.0
502400.0,96.0
190900.0,48.0
865092.0,189.0
676900.0,129.0
1022100.0,192.0
773200.0,123.0
519100.0,129.0
695857.0,152.0
865092.0,189.0
614700.0,147.0
894000.0,159.0
229300.0,84.0
695857.0,152.0
865092.0,189.0
1111100.0,276.0
647900.0,94.0
594800.0,159.0
865092.0,189.0
781900.0,167.0
779600.0,213.0
606300.0,106.0
437300.0,121.0
865092.0,189.0
778400.0,158.0
860600.0,226.0
602700.0,128.0
220800.0,59.0
695857.0,152.0
867600.0,238.0
631300.0,188.0
576800.0,111.0
170400.0,51.0
695857.0,152.0
865092.0,189.0
1073900.0,207.0
451300.0,131.0
352800.0,122.0
844200.0,172.0
728800.0,137.0
903300.0,184.0
550500.0,101.0
404800.0,100.0
684000.0,138.0
1088100.0,239.0
782500.0,169.0
578900.0,94.0
398400.0,94.0
689300.0,147.0
1074900.0,206.0
613100.0,137.0
422400.0,83.0
208600.0,78.0
901200.0,175.0
1016000.0,233.0
475200.0,128.0
521800.0,100.0
381900.0,92.0
591000.0,152.0
911900.0,198.0
370000.0,133.0
536700.0,93.0
314500.0,80.0
865092.0,189.0
782600.0,161.0
713800.0,198.0
354200.0,107.0
402100.0,124.0
477200.0,141.0
448600.0,118.0
326600.0,129.0
506100.0,107.0
317200.0,113.0
861200.0,206.0
1219100.0,258.0
926800.0,211.0
677200.0,112.0
359700.0,92.0
865092.0,189.0
881000.0,171.0
683100.0,171.0
606700.0,111.0
415100.0,105.0
695857.0,152.0
865092.0,189.0
520800.0,165.0
694500.0,132.0
277200.0,92.0
695857.0,152.0
865092.0,189.0
642300.0,176.0
401700.0,84.0
205200.0,91.0
627800.0,143.0
1091000.0,185.0
603700.0,163.0
645800.0,119.0
480300.0,131.0
619000.0,143.0
607600.0,155.0
625900.0,175.0
383200.0,94.0
418700.0,149.0
368900.0,101.0
403600.0,99.0
353100.0,150.0
543500.0,129.0
421500.0,130.0
695857.0,152.0
865092.0,189.0
515500.0,180.0
580700.0,115.0
492600.0,128.0
574300.0,152.0
1091300.0,220.0
594300.0,180.0
317800.0,65.0
321100.0,123.0
865092.0,189.0
733600.0,138.0
744800.0,203.0
753900.0,129.0
561100.0,177.0
695857.0,152.0
865092.0,189.0
1033900.0,279.0
545300.0,113.0
341900.0,113.0
865092.0,189.0
676300.0,124.0
899300.0,196.0
784400.0,132.0
340000.0,103.0
695857.0,152.0
865092.0,189.0
1089200.0,270.0
233400.0,48.0
420700.0,112.0
569239.0,130.0
753867.0,187.0
1187800.0,264.0
621500.0,115.0
335000.0,101.0
753867.0,187.0
866200.0,220.0
876300.0,201.0
660400.0,137.0
391000.0,96.0
569239.0,130.0
753867.0,187.0
794400.0,184.0
482993.0,97.0
360500.0,120.0
735300.0,186.0
436600.0,126.0
605100.0,164.0
595400.0,87.0
155700.0,61.0
753867.0,187.0
821400.0,152.0
604500.0,159.0
632300.0,110.0
442000.0,103.0
569239.0,130.0
753867.0,187.0
945300.0,221.0
686600.0,139.0
268100.0,107.0
569239.0,130.0
611000.0,137.0
604600.0,196.0
361000.0,73.0
525100.0,138.0
753867.0,187.0
687400.0,159.0
861200.0,223.0
624700.0,107.0
360100.0,120.0
569239.0,130.0
753867.0,187.0
862800.0,226.0
322900.0,77.0
330772.0,102.0
569239.0,130.0
753867.0,187.0
589700.0,149.0
487100.0,97.0
319500.0,75.0
753867.0,187.0
804800.0,164.0
700400.0,161.0
682700.0,118.0
370300.0,116.0
958800.0,193.0
441900.0,100.0
1029600.0,205.0
329200.0,70.0
337400.0,106.0
396000.0,74.0
1112600.0,260.0
547100.0,143.0
244500.0,67.0
353900.0,115.0
753867.0,187.0
453400.0,128.0
763700.0,186.0
406400.0,121.0
441700.0,122.0
400700.0,129.0
516300.0,131.0
401100.0,135.0
154700.0,38.0
284100.0,91.0
569239.0,130.0
753867.0,187.0
788500.0,132.0
617900.0,98.0
331000.0,96.0
626200.0,148.0
1026500.0,234.0
288500.0,87.0
485000.0,92.0
250800.0,94.0
753867.0,187.0
580800.0,122.0
721900.0,175.0
504000.0,84.0
351900.0,92.0
753867.0,187.0
471700.0,114.0
482600.0,145.0
517300.0,103.0
330000.0,107.0
560600.0,127.0
899500.0,241.0
859800.0,188.0
421700.0,94.0
191000.0,91.0
753867.0,187.0
714800.0,134.0
669400.0,216.0
516200.0,107.0
263400.0,99.0
380100.0,96.0
584000.0,148.0
397200.0,125.0
499000.0,111.0
270000.0,77.0
753867.0,187.0
402300.0,100.0
606000.0,157.0
386800.0,89.0
293300.0,107.0
413900.0,111.0
888400.0,226.0
707300.0,162.0
626100.0,132.0
344400.0,101.0
346200.0,78.0
1082700.0,242.0
765600.0,167.0
737900.0,146.0
259800.0,79.0
753867.0,187.0
621800.0,106.0
624000.0,170.0
738000.0,140.0
297700.0,95.0
339400.0,100.0
950400.0,238.0
735500.0,173.0
470500.0,90.0
382600.0,123.0
753867.0,187.0
536200.0,121.0
799500.0,213.0
224100.0,58.0
317400.0,108.0
347100.0,84.0
496500.0,163.0
387000.0,118.0
219500.0,52.0
344000.0,108.0
753867.0,187.0
696772.0,174.0
627400.0,133.0
605400.0,124.0
593100.0,147.0
668414.0,179.0
760600.0,159.0
1064000.0,228.0
483300.0,104.0
545900.0,111.0
643800.0,183.0
1049600.0,215.0
710100.0,188.0
379600.0,86.0
428200.0,121.0
538288.0,124.0
951900.0,205.0
586700.0,163.0
11800.0,4.0
462300.0,115.0
538288.0,124.0
1149300.0,236.0
721300.0,181.0
724200.0,134.0
376700.0,99.0
847722.0,198.0
626000.0,139.0
740300.0,171.0
778400.0,134.0
566200.0,137.0
538288.0,124.0
847722.0,198.0
898900.0,236.0
455200.0,118.0
378700.0,99.0
538288.0,124.0
668414.0,179.0
1100700.0,262.0
579400.0,119.0
443700.0,147.0
538288.0,124.0
1159800.0,271.0
859200.0,223.0
432800.0,93.0
334800.0,113.0
538288.0,124.0
552000.0,144.0
501400.0,147.0
375000.0,100.0
291600.0,89.0
538288.0,124.0
847722.0,198.0
916300.0,191.0
521100.0,104.0
384400.0,103.0
786200.0,158.0
1076400.0,188.0
619700.0,153.0
396800.0,83.0
313900.0,102.0
447000.0,124.0
332800.0,78.0
586600.0,142.0
312300.0,105.0
448200.0,145.0
200500.0,78.0
590200.0,210.0
384500.0,153.0
948200.0,153.0
337300.0,102.0
847722.0,198.0
854000.0,193.0
606100.0,185.0
537400.0,107.0
244800.0,74.0
847722.0,198.0
818300.0,156.0
657700.0,178.0
469800.0,89.0
401600.0,115.0
847722.0,198.0
641400.0,138.0
572200.0,167.0
625000.0,117.0
360600.0,100.0
847722.0,198.0
548900.0,107.0
563300.0,167.0
460200.0,95.0
351700.0,98.0
553300.0,116.0
934000.0,235.0
525400.0,162.0
568300.0,141.0
380500.0,134.0
862600.0,158.0
674300.0,193.0
946800.0,278.0
502300.0,120.0
326600.0,122.0
424000.0,115.0
435100.0,126.0
529300.0,169.0
133500.0,48.0
300400.0,99.0
483000.0,91.0
1115100.0,259.0
926800.0,206.0
602600.0,108.0
326200.0,101.0
847722.0,198.0
436000.0,95.0
608600.0,185.0
690500.0,144.0
350400.0,114.0
847722.0,198.0
472200.0,105.0
646300.0,179.0
249900.0,54.0
386600.0,125.0
847722.0,198.0
470000.0,119.0
664300.0,171.0
680000.0,96.0
404600.0,108.0
504600.0,119.0
917000.0,209.0
732500.0,180.0
544600.0,109.0
316900.0,94.0
847722.0,198.0
668414.0,179.0
369300.0,120.0
501700.0,103.0
204100.0,80.0
167700.0,60.0
364900.0,106.0
388700.0,148.0
457600.0,113.0
332000.0,115.0
847722.0,198.0
496100.0,119.0
651200.0,155.0
393400.0,91.0
164900.0,48.0
231100.0,75.0
674700.0,161.0
368500.0,110.0
620100.0,106.0
288000.0,103.0
386800.0,100.0
1117200.0,232.0
839100.0,200.0
213000.0,43.0
424100.0,114.0
847722.0,198.0
735500.0,157.0
963800.0,226.0
556800.0,130.0
463800.0,119.0
619576.0,148.0
1114800.0,248.0
685600.0,189.0
607300.0,128.0
385900.0,97.0
619576.0,148.0
1212800.0,263.0
773700.0,194.0
758300.0,133.0
683500.0,159.0
619576.0,148.0
852383.0,203.0
949600.0,243.0
520917.0,103.0
476200.0,124.0
619576.0,148.0
852383.0,203.0
814200.0,222.0
561900.0,111.0
298800.0,101.0
852383.0,203.0
684200.0,130.0
850400.0,183.0
632900.0,124.0
302600.0,118.0
569700.0,105.0
878100.0,255.0
689500.0,177.0
607300.0,126.0
292100.0,86.0
852383.0,203.0
872500.0,187.0
659300.0,162.0
653300.0,97.0
540500.0,131.0
852383.0,203.0
661600.0,167.0
841900.0,182.0
763100.0,138.0
362800.0,104.0
619576.0,148.0
852383.0,203.0
809800.0,215.0
813700.0,139.0
564600.0,146.0
619576.0,148.0
852383.0,203.0
899500.0,229.0
691300.0,112.0
442400.0,127.0
619576.0,148.0
852383.0,203.0
770600.0,194.0
278000.0,35.0
407400.0,77.0
526100.0,124.0
654100.0,109.0
808000.0,149.0
485100.0,112.0
92200.0,30.0
852383.0,203.0
535300.0,158.0
437000.0,164.0
660500.0,139.0
399500.0,113.0
852383.0,203.0
905200.0,212.0
831500.0,225.0
367400.0,84.0
308200.0,104.0
365300.0,100.0
623100.0,169.0
427200.0,150.0
471900.0,92.0
369700.0,106.0
852383.0,203.0
991500.0,186.0
506300.0,157.0
241000.0,82.0
390400.0,122.0
463400.0,136.0
506300.0,147.0
410100.0,128.0
218600.0,65.0
189600.0,82.0
852383.0,203.0
592600.0,164.0
639100.0,177.0
658800.0,114.0
328100.0,90.0
852383.0,203.0
441500.0,142.0
540300.0,173.0
338000.0,49.0
352000.0,107.0
852383.0,203.0
593100.0,125.0
675200.0,164.0
367000.0,88.0
292200.0,93.0
707900.0,140.0
1071800.0,249.0
552100.0,171.0
467100.0,118.0
398800.0,108.0
609800.0,155.0
866900.0,220.0
419600.0,133.0
515200.0,87.0
335100.0,106.0
852383.0,203.0
785100.0,221.0
589600.0,184.0
318400.0,105.0
314300.0,115.0
361800.0,125.0
469500.0,133.0
211600.0,97.0
508300.0,105.0
246400.0,84.0
570700.0,137.0
1179700.0,257.0
693200.0,176.0
534800.0,110.0
224100.0,73.0
852383.0,203.0
635500.0,127.0
703000.0,181.0
374600.0,77.0
369100.0,101.0
852383.0,203.0
635500.0,147.0
641600.0,190.0
562400.0,105.0
555400.0,133.0
619576.0,148.0
852383.0,203.0
648000.0,183.0
300100.0,66.0
201000.0,75.0
502800.0,112.0
831100.0,197.0
362300.0,108.0
841100.0,126.0
272600.0,73.0
619576.0,148.0
852383.0,203.0
942900.0,234.0
473300.0,91.0
289700.0,92.0
619576.0,148.0
820400.0,190.0
549900.0,178.0
588300.0,138.0
508700.0,141.0
577000.0,138.0
1193200.0,261.0
769500.0,180.0
430300.0,94.0
175500.0,48.0
357400.0,81.0
467200.0,114.0
197100.0,73.0
314900.0,90.0
350000.0,117.0
529800.0,136.0
507600.0,121.0
493400.0,160.0
391704.0,84.0
408700.0,125.0
842753.0,195.0
803400.0,160.0
741800.0,157.0
563300.0,81.0
145900.0,40.0
842753.0,195.0
675100.0,138.0
493300.0,147.0
393800.0,92.0
482500.0,110.0
560375.0,132.0
842753.0,195.0
722800.0,179.0
791000.0,142.0
327100.0,88.0
726200.0,160.0
1213200.0,264.0
822000.0,200.0
432900.0,92.0
266000.0,87.0
842753.0,195.0
822000.0,160.0
1004500.0,265.0
535500.0,108.0
481500.0,121.0
842753.0,195.0
668100.0,164.0
847500.0,221.0
603100.0,122.0
501200.0,133.0
560375.0,132.0
842753.0,195.0
806400.0,196.0
391704.0,84.0
533300.0,139.0
311500.0,82.0
558700.0,144.0
681800.0,153.0
270300.0,40.0
429100.0,119.0
742500.0,166.0
443700.0,109.0
883500.0,167.0
477500.0,91.0
505500.0,146.0
842753.0,195.0
888800.0,186.0
494100.0,190.0
259800.0,62.0
452400.0,158.0
569900.0,155.0
878700.0,214.0
378800.0,159.0
535900.0,109.0
336000.0,123.0
560375.0,132.0
842753.0,195.0
736400.0,167.0
543900.0,108.0
323100.0,124.0
842753.0,195.0
373800.0,111.0
421200.0,141.0
74500.0,6.0
381300.0,122.0
747300.0,151.0
1010000.0,235.0
686500.0,191.0
112100.0,37.0
348600.0,116.0
556200.0,160.0
1062400.0,238.0
618700.0,164.0
216200.0,61.0
336300.0,118.0
624100.0,122.0
1034000.0,232.0
667200.0,153.0
500100.0,98.0
288100.0,131.0
762000.0,151.0
1119900.0,223.0
716500.0,192.0
321000.0,72.0
396000.0,131.0
169600.0,75.0
571800.0,142.0
307300.0,110.0
519200.0,97.0
146000.0,50.0
497000.0,144.0
951400.0,218.0
473200.0,143.0
37700.0,25.0
514800.0,142.0
384400.0,97.0
1020100.0,216.0
547300.0,124.0
424200.0,78.0
367800.0,123.0
394100.0,103.0
1078700.0,229.0
815100.0,213.0
465200.0,75.0
275500.0,113.0
842753.0,195.0
405800.0,113.0
758300.0,214.0
439400.0,109.0
408800.0,106.0
842753.0,195.0
348100.0,99.0
591300.0,196.0
273500.0,76.0
409000.0,152.0
514900.0,124.0
629100.0,149.0
462000.0,137.0
188900.0,82.0
212400.0,58.0
560375.0,132.0
587100.0,198.0
449700.0,161.0
153700.0,53.0
125200.0,43.0
560375.0,132.0
842753.0,195.0
960400.0,271.0
501500.0,119.0
467000.0,115.0
560375.0,132.0
842753.0,195.0
1141800.0,240.0
717300.0,118.0
420900.0,116.0
785300.0,174.0
1193500.0,256.0
786500.0,214.0
576200.0,117.0
316100.0,86.0
604933.0,140.0
904300.0,209.0
881600.0,196.0
469300.0,67.0
423900.0,82.0
604933.0,140.0
898207.0,209.0
834100.0,180.0
496537.0,97.0
637200.0,140.0
898207.0,209.0
910400.0,166.0
668000.0,172.0
599700.0,104.0
369500.0,90.0
898207.0,209.0
619400.0,113.0
916900.0,243.0
584900.0,124.0
544900.0,133.0
898207.0,209.0
617600.0,124.0
629800.0,167.0
706600.0,118.0
364800.0,98.0
471200.0,123.0
1154800.0,257.0
711500.0,186.0
439100.0,103.0
417060.0,112.0
638900.0,173.0
542600.0,166.0
543700.0,246.0
677400.0,134.0
438400.0,114.0
898207.0,209.0
622700.0,130.0
871700.0,207.0
668100.0,134.0
447900.0,120.0
604933.0,140.0
898207.0,209.0
734400.0,198.0
794800.0,119.0
395600.0,104.0
607953.0,160.0
780000.0,184.0
1129500.0,254.0
368900.0,64.0
515800.0,102.0
627600.0,141.0
474600.0,94.0
537900.0,131.0
264700.0,64.0
314800.0,105.0
604933.0,140.0
898207.0,209.0
917200.0,191.0
574300.0,87.0
456400.0,108.0
587400.0,108.0
1132700.0,253.0
591700.0,166.0
457900.0,79.0
259900.0,107.0
898207.0,209.0
518800.0,107.0
778400.0,200.0
688100.0,124.0
520500.0,121.0
898207.0,209.0
660300.0,134.0
663500.0,167.0
299300.0,73.0
494200.0,142.0
824600.0,189.0
1155300.0,263.0
462400.0,130.0
519500.0,98.0
407300.0,123.0
604933.0,140.0
1081000.0,263.0
489000.0,162.0
358700.0,93.0
529100.0,153.0
898207.0,209.0
680100.0,166.0
24000.0,3.0
630100.0,115.0
405300.0,105.0
604933.0,140.0
898207.0,209.0
663100.0,216.0
629000.0,135.0
507000.0,115.0
604933.0,140.0
898207.0,209.0
645800.0,181.0
97400.0,47.0
529000.0,155.0
356700.0,123.0
230700.0,78.0
245800.0,67.0
330300.0,60.0
367200.0,141.0
540600.0,115.0
1041600.0,242.0
266100.0,83.0
308900.0,67.0
295100.0,104.0
648900.0,181.0
986800.0,207.0
434700.0,109.0
444800.0,89.0
283200.0,109.0
898207.0,209.0
767500.0,178.0
567800.0,151.0
334900.0,81.0
408100.0,101.0
531400.0,153.0
559700.0,150.0
261000.0,89.0
427900.0,94.0
454500.0,102.0
898207.0,209.0
537900.0,126.0
542600.0,143.0
614900.0,120.0
262200.0,77.0
333500.0,114.0
967500.0,219.0
522200.0,149.0
436000.0,91.0
277500.0,76.0
898207.0,209.0
481600.0,110.0
683800.0,129.0
443400.0,97.0
337800.0,98.0
465100.0,117.0
918500.0,221.0
546700.0,152.0
433700.0,99.0
527700.0,129.0
898207.0,209.0
510900.0,104.0
816700.0,179.0
784300.0,158.0
435200.0,115.0
826676.0,188.0
710000.0,136.0
649500.0,190.0
423900.0,102.0
396100.0,112.0
579650.0,134.0
826676.0,188.0
649600.0,178.0
551100.0,110.0
339300.0,114.0
762800.0,200.0
1166700.0,248.0
684000.0,174.0
542238.0,107.0
441100.0,130.0
579650.0,134.0
826676.0,188.0
535900.0,167.0
407400.0,84.0
203300.0,77.0
254600.0,60.0
454600.0,108.0
286500.0,113.0
710900.0,134.0
452800.0,120.0
826676.0,188.0
839200.0,169.0
685300.0,177.0
885600.0,142.0
266800.0,88.0
721000.0,165.0
1093700.0,244.0
903200.0,173.0
745400.0,135.0
137000.0,50.0
826676.0,188.0
596800.0,182.0
867700.0,253.0
417500.0,91.0
439900.0,126.0
483400.0,120.0
968000.0,216.0
667600.0,187.0
657700.0,110.0
288600.0,109.0
579650.0,134.0
826676.0,188.0
818600.0,239.0
724800.0,128.0
340200.0,98.0
987100.0,193.0
1027200.0,230.0
781900.0,152.0
729700.0,112.0
481200.0,127.0
514400.0,125.0
241600.0,57.0
488400.0,150.0
402800.0,88.0
443700.0,94.0
623800.0,122.0
1005900.0,207.0
502300.0,146.0
435800.0,90.0
340800.0,112.0
486200.0,108.0
902600.0,204.0
463900.0,121.0
477800.0,109.0
529500.0,136.0
710700.0,132.0
1074800.0,244.0
495000.0,149.0
375000.0,107.0
368600.0,131.0
416300.0,120.0
440400.0,125.0
270300.0,104.0
491200.0,113.0
316800.0,102.0
690500.0,177.0
860700.0,235.0
468000.0,134.0
317700.0,70.0
367900.0,111.0
674600.0,157.0
713900.0,168.0
498800.0,146.0
316900.0,76.0
366200.0,128.0
485400.0,150.0
965700.0,245.0
571100.0,123.0
570100.0,98.0
310100.0,87.0
641300.0,154.0
987200.0,205.0
514500.0,123.0
432700.0,93.0
271300.0,97.0
826676.0,188.0
392600.0,86.0
414100.0,114.0
694100.0,127.0
356600.0,115.0
826676.0,188.0
662600.0,131.0
674800.0,144.0
332200.0,78.0
390100.0,108.0
277900.0,88.0
515800.0,127.0
302400.0,105.0
516700.0,89.0
332000.0,100.0
439700.0,110.0
1066400.0,217.0
597600.0,142.0
499400.0,85.0
412300.0,118.0
495300.0,131.0
797500.0,221.0
534900.0,132.0
706900.0,128.0
293800.0,88.0
826676.0,188.0
479300.0,115.0
527800.0,147.0
577600.0,114.0
380300.0,127.0
481200.0,97.0
936400.0,206.0
572700.0,121.0
452400.0,94.0
671600.0,165.0
517600.0,101.0
719800.0,144.0
602800.0,134.0
608200.0,111.0
260500.0,61.0
579650.0,134.0
667600.0,135.0
829500.0,190.0
479100.0,114.0
392300.0,106.0
726600.0,163.0
753700.0,159.0
427200.0,122.0
553100.0,122.0
340600.0,128.0
353600.0,99.0
734800.0,175.0
509000.0,146.0
313300.0,60.0
485800.0,128.0
494607.0,123.0
1027100.0,183.0
787200.0,204.0
742100.0,136.0
406600.0,119.0
685700.0,127.0
1100500.0,212.0
629600.0,139.0
268400.0,46.0
439100.0,114.0
685121.0,155.0
915700.0,215.0
768600.0,188.0
494400.0,96.0
269600.0,71.0
685121.0,155.0
570800.0,117.0
660100.0,168.0
716800.0,108.0
374100.0,98.0
685121.0,155.0
466200.0,111.0
635800.0,159.0
750500.0,128.0
333700.0,106.0
494607.0,123.0
685121.0,155.0
1050300.0,244.0
550900.0,103.0
281000.0,82.0
685121.0,155.0
466700.0,130.0
666800.0,178.0
582400.0,108.0
490600.0,122.0
685121.0,155.0
684600.0,167.0
430600.0,151.0
500.0,1.0
533200.0,172.0
405200.0,125.0
1164300.0,250.0
597400.0,199.0
257500.0,61.0
275700.0,109.0
494607.0,123.0
1214900.0,214.0
674200.0,155.0
515600.0,100.0
646400.0,137.0
456600.0,107.0
497800.0,126.0
573600.0,140.0
513000.0,109.0
355100.0,104.0
531500.0,117.0
651800.0,182.0
668000.0,159.0
565500.0,122.0
346000.0,122.0
265200.0,77.0
177500.0,57.0
380800.0,115.0
475100.0,113.0
427400.0,119.0
500500.0,119.0
974100.0,245.0
616100.0,157.0
557200.0,101.0
254700.0,95.0
369900.0,102.0
456500.0,117.0
671500.0,154.0
570300.0,111.0
332200.0,102.0
553000.0,114.0
506500.0,130.0
460400.0,151.0
436200.0,97.0
424800.0,116.0
435500.0,123.0
640400.0,116.0
616600.0,153.0
653500.0,107.0
423400.0,116.0
337100.0,99.0
554600.0,128.0
409600.0,121.0
797800.0,137.0
380800.0,112.0
502100.0,115.0
690700.0,160.0
707400.0,177.0
396400.0,100.0
409800.0,127.0
416900.0,132.0
195100.0,68.0
540300.0,137.0
467200.0,98.0
177600.0,89.0
556300.0,148.0
850900.0,174.0
788400.0,168.0
399000.0,89.0
340100.0,94.0
320200.0,93.0
762700.0,176.0
734200.0,163.0
663400.0,112.0
433500.0,122.0
760900.0,176.0
857000.0,172.0
649300.0,170.0
438700.0,93.0
351100.0,117.0
433900.0,163.0
663800.0,150.0
398700.0,97.0
430800.0,104.0
239800.0,90.0
288400.0,91.0
675600.0,176.0
694700.0,158.0
574100.0,91.0
396900.0,107.0
487700.0,114.0
738600.0,157.0
773200.0,172.0
271700.0,77.0
315000.0,104.0
317000.0,86.0
210500.0,67.0
236500.0,64.0
442300.0,68.0
367500.0,115.0
512300.0,113.0
497600.0,139.0
238000.0,72.0
512700.0,106.0
531100.0,129.0
557400.0,110.0
599600.0,143.0
480400.0,135.0
756900.0,128.0
679200.0,172.0
685121.0,155.0
601577.0,153.0
698100.0,165.0
398100.0,79.0
539200.0,119.0
544139.0,116.0
722600.0,134.0
498200.0,129.0
638900.0,127.0
394100.0,122.0
502193.0,111.0
716100.0,124.0
507400.0,142.0
174400.0,59.0
519200.0,133.0
473800.0,130.0
496800.0,123.0
934900.0,214.0
839400.0,148.0
549300.0,132.0
645100.0,144.0
518100.0,138.0
720400.0,172.0
469400.0,104.0
422700.0,116.0
445100.0,100.0
436500.0,82.0
572500.0,131.0
393300.0,91.0
410997.0,115.0
237300.0,45.0
189800.0,42.0
54300.0,29.0
765700.0,144.0
745100.0,172.0
502193.0,111.0
970700.0,157.0
673800.0,153.0
565100.0,87.0
703600.0,177.0
502193.0,111.0
624900.0,124.0
941600.0,212.0
507500.0,92.0
543800.0,135.0
783000.0,146.0
530900.0,89.0
874500.0,203.0
289500.0,62.0
681300.0,161.0
917200.0,161.0
721000.0,137.0
890800.0,221.0
329500.0,69.0
550200.0,164.0
544139.0,116.0
569073.0,140.0
3200.0,2.0
218300.0,28.0
711900.0,181.0
990900.0,189.0
485800.0,107.0
139700.0,34.0
746600.0,138.0
365500.0,116.0
765000.0,135.0
816700.0,202.0
590100.0,165.0
589600.0,129.0
287400.0,80.0
678400.0,141.0
1057100.0,243.0
581400.0,161.0
178400.0,48.0
313100.0,66.0
176800.0,70.0
263600.0,73.0
261400.0,64.0
208400.0,43.0
228000.0,73.0
235800.0,53.0
288000.0,79.0
190900.0,64.0
285200.0,71.0
331600.0,120.0
236000.0,97.0
577300.0,134.0
368700.0,85.0
274400.0,82.0
349800.0,140.0
375000.0,100.0
523100.0,96.0
305100.0,81.0
706600.0,134.0
26600.0,16.0
811100.0,168.0
1198500.0,229.0
512500.0,136.0
381400.0,121.0
328100.0,96.0
501600.0,133.0
480900.0,95.0
646200.0,167.0
526000.0,103.0
319700.0,96.0
391400.0,98.0
568600.0,114.0
444200.0,116.0
514000.0,115.0
366500.0,101.0
602900.0,129.0
475500.0,96.0
510100.0,152.0
438800.0,93.0
151300.0,74.0
540100.0,112.0
236500.0,70.0
679100.0,143.0
592000.0,118.0
315600.0,101.0
691700.0,146.0
391300.0,79.0
525900.0,153.0
317100.0,80.0
266400.0,101.0
329200.0,94.0
313400.0,95.0
251500.0,80.0
290900.0,68.0
284700.0,97.0
244800.0,83.0
480500.0,97.0
354100.0,108.0
441000.0,88.0
340300.0,91.0
411100.0,94.0
234900.0,46.0
673600.0,158.0
571000.0,105.0
378400.0,119.0
551700.0,111.0
452800.0,107.0
810900.0,181.0
480100.0,96.0
344600.0,109.0
544139.0,116.0
395700.0,94.0
659200.0,172.0
490800.0,108.0
415100.0,117.0
402700.0,96.0
451500.0,114.0
924400.0,176.0
729500.0,124.0
556800.0,129.0
502193.0,111.0
735100.0,152.0
974800.0,206.0
633400.0,121.0
441400.0,128.0
541417.0,121.0
451200.0,102.0
904900.0,187.0
402200.0,112.0
515400.0,131.0
788900.0,159.0
521400.0,106.0
825500.0,186.0
617300.0,110.0
482500.0,113.0
606900.0,148.0
368500.0,96.0
1058300.0,215.0
802700.0,130.0
413300.0,94.0
661300.0,141.0
498100.0,126.0
717400.0,160.0
725900.0,136.0
530700.0,144.0
541417.0,121.0
527400.0,94.0
1085900.0,233.0
541600.0,81.0
237900.0,69.0
467500.0,93.0
1197600.0,185.0
447700.0,93.0
980300.0,154.0
329500.0,88.0
541417.0,121.0
855900.0,152.0
769800.0,137.0
422700.0,84.0
491800.0,125.0
110600.0,29.0
381400.0,91.0
810400.0,224.0
429900.0,72.0
568500.0,143.0
828800.0,144.0
693500.0,112.0
771400.0,162.0
529908.0,103.0
360600.0,109.0
520700.0,109.0
696800.0,121.0
544400.0,179.0
501200.0,87.0
692500.0,168.0
670800.0,133.0
449300.0,124.0
827000.0,190.0
529908.0,103.0
618400.0,148.0
496019.0,101.0
980700.0,174.0
10000.0,3.0
202400.0,57.0
424300.0,112.0
575500.0,208.0
787500.0,149.0
519700.0,157.0
645000.0,116.0
333100.0,147.0
981800.0,225.0
441300.0,84.0
888800.0,200.0
391200.0,96.0
227500.0,96.0
541417.0,121.0
98000.0,57.0
473600.0,150.0
436400.0,80.0
405100.0,121.0
602900.0,111.0
911200.0,179.0
572500.0,181.0
357700.0,78.0
359100.0,119.0
541417.0,121.0
344300.0,80.0
486200.0,174.0
511500.0,108.0
201000.0,69.0
115900.0,38.0
617400.0,130.0
829700.0,165.0
612000.0,105.0
392400.0,122.0
385200.0,97.0
143400.0,36.0
664100.0,166.0
431700.0,107.0
256400.0,88.0
434500.0,99.0
385400.0,86.0
626000.0,159.0
620400.0,123.0
329700.0,113.0
662800.0,129.0
349800.0,68.0
636400.0,171.0
328800.0,97.0
261900.0,113.0
269700.0,101.0
234900.0,62.0
225900.0,97.0
416900.0,93.0
346200.0,91.0
340900.0,91.0
234700.0,50.0
668100.0,169.0
496900.0,105.0
323800.0,97.0
317400.0,88.0
142200.0,54.0
467000.0,137.0
433700.0,95.0
424400.0,110.0
466000.0,106.0
476900.0,104.0
599700.0,151.0
469100.0,90.0
361500.0,104.0
402300.0,96.0
480200.0,86.0
547300.0,169.0
630500.0,108.0
403500.0,115.0
620100.0,126.0
422100.0,75.0
802900.0,180.0
736200.0,125.0
537500.0,137.0
641400.0,127.0
682100.0,116.0
819400.0,190.0
513783.0,94.0
507000.0,137.0
877200.0,169.0
867300.0,143.0
1035000.0,209.0
671000.0,109.0
504100.0,123.0
589960.0,134.0
1177800.0,248.0
1063600.0,203.0
678000.0,105.0
665600.0,137.0
632600.0,153.0
392800.0,85.0
981800.0,193.0
28900.0,14.0
411093.0,114.0
597400.0,138.0
975900.0,249.0
289900.0,101.0
455500.0,89.0
433900.0,105.0
560800.0,156.0
422500.0,103.0
63700.0,34.0
576800.0,104.0
414500.0,116.0
731900.0,145.0
1138900.0,176.0
933700.0,175.0
422300.0,106.0
416300.0,121.0
642800.0,148.0
195000.0,61.0
381300.0,120.0
389300.0,77.0
348800.0,93.0
393600.0,88.0
177400.0,45.0
960200.0,204.0
568200.0,80.0
550200.0,126.0
799000.0,152.0
484200.0,98.0
1059300.0,241.0
62200.0,15.0
376800.0,122.0
739200.0,130.0
148600.0,40.0
1040300.0,228.0
529000.0,82.0
503500.0,153.0
946600.0,169.0
141500.0,52.0
1004400.0,243.0
513783.0,94.0
562200.0,148.0
683690.0,165.0
758400.0,155.0
1101700.0,210.0
480200.0,93.0
409800.0,107.0
856400.0,209.0
361500.0,89.0
740300.0,164.0
488400.0,122.0
382900.0,119.0
769000.0,184.0
565400.0,108.0
848800.0,219.0
506300.0,105.0
344900.0,104.0
209300.0,75.0
475000.0,84.0
489400.0,132.0
848700.0,127.0
519400.0,120.0
618200.0,126.0
325000.0,81.0
505600.0,142.0
421800.0,74.0
365900.0,118.0
373600.0,104.0
389100.0,78.0
634500.0,148.0
666200.0,121.0
335800.0,117.0
449700.0,110.0
489900.0,94.0
734000.0,152.0
511100.0,94.0
413000.0,111.0
462500.0,114.0
447200.0,88.0
606600.0,145.0
456000.0,87.0
338100.0,93.0
427900.0,115.0
385200.0,75.0
766900.0,179.0
633400.0,109.0
428000.0,142.0
765000.0,142.0
379100.0,73.0
738900.0,173.0
376700.0,84.0
328100.0,109.0
508600.0,150.0
392500.0,101.0
317800.0,116.0
498900.0,97.0
343700.0,120.0
568900.0,151.0
470300.0,104.0
480400.0,113.0
588400.0,101.0
457700.0,131.0
448500.0,132.0
423100.0,88.0
528300.0,137.0
888000.0,129.0
378400.0,106.0
529200.0,125.0
347500.0,76.0
772800.0,193.0
532800.0,97.0
404100.0,108.0
496000.0,106.0
360000.0,89.0
591600.0,152.0
358100.0,79.0
352900.0,112.0
701000.0,145.0
467200.0,86.0
412900.0,158.0
421400.0,94.0
64700.0,11.0
527200.0,117.0
504600.0,94.0
560400.0,164.0
385000.0,92.0
246100.0,78.0
321500.0,102.0
360500.0,95.0
408300.0,130.0
528200.0,99.0
424800.0,120.0
534100.0,132.0
655900.0,117.0
748200.0,176.0
928900.0,130.0
511600.0,122.0
452700.0,89.0
777700.0,109.0
811800.0,201.0
529400.0,119.0
291600.0,87.0
198700.0,55.0
688800.0,179.0
436200.0,124.0
569700.0,116.0
462100.0,119.0
552200.0,110.0
291400.0,77.0
902100.0,202.0
883700.0,136.0
485400.0,116.0
737900.0,147.0
893500.0,142.0
1118800.0,216.0
289700.0,63.0
246100.0,70.0
398800.0,102.0
222800.0,70.0
475600.0,166.0
806200.0,134.0
392800.0,97.0
582804.0,130.0
333300.0,108.0
929100.0,169.0
550000.0,107.0
404400.0,103.0
582804.0,130.0
826300.0,146.0
1034200.0,200.0
548700.0,94.0
531700.0,136.0
175100.0,38.0
298700.0,66.0
930900.0,179.0
182800.0,39.0
527000.0,113.0
688700.0,142.0
128400.0,22.0
479000.0,115.0
362100.0,60.0
453600.0,116.0
823800.0,178.0
270900.0,67.0
558200.0,137.0
71700.0,38.0
390900.0,100.0
633600.0,129.0
480500.0,95.0
433300.0,152.0
520400.0,87.0
617100.0,143.0
747800.0,148.0
1020500.0,182.0
1084500.0,256.0
533293.0,97.0
498200.0,133.0
661707.0,161.0
782000.0,173.0
719500.0,159.0
622000.0,111.0
472800.0,112.0
902600.0,168.0
550600.0,111.0
553100.0,138.0
381600.0,76.0
362800.0,121.0
399200.0,92.0
575100.0,93.0
336500.0,101.0
496400.0,98.0
382500.0,97.0
800600.0,151.0
468600.0,163.0
633500.0,133.0
613200.0,118.0
395000.0,106.0
668300.0,126.0
235400.0,39.0
545900.0,137.0
573200.0,107.0
259100.0,83.0
380700.0,76.0
194700.0,50.0
564800.0,153.0
768800.0,116.0
296100.0,102.0
555800.0,128.0
185200.0,44.0
765100.0,192.0
403400.0,75.0
259900.0,68.0
263200.0,85.0
273200.0,76.0
323000.0,114.0
624800.0,81.0
377000.0,93.0
539900.0,119.0
525100.0,80.0
717400.0,173.0
440600.0,86.0
598000.0,119.0
468700.0,118.0
175400.0,48.0
1042600.0,200.0
543600.0,99.0
490800.0,121.0
483200.0,130.0
143400.0,30.0
506300.0,133.0
468700.0,103.0
382000.0,94.0
666900.0,134.0
3300.0,3.0
443300.0,141.0
324000.0,86.0
471700.0,130.0
652600.0,161.0
90000.0,34.0
560900.0,162.0
722400.0,104.0
457000.0,117.0
582804.0,130.0
389700.0,74.0
652300.0,188.0
399200.0,88.0
123200.0,29.0
659600.0,179.0
166200.0,46.0
419700.0,139.0
698500.0,111.0
299800.0,98.0
796600.0,200.0
659400.0,132.0
728100.0,155.0
762100.0,144.0
303300.0,81.0
582804.0,130.0
345300.0,62.0
635000.0,176.0
603800.0,105.0
495000.0,126.0
567700.0,134.0
650300.0,111.0
734500.0,165.0
704800.0,115.0
465900.0,116.0
608700.0,151.0
442900.0,76.0
645600.0,153.0
310700.0,54.0
204600.0,69.0
552281.0,123.0
1151300.0,203.0
1087100.0,192.0
495300.0,121.0
455400.0,123.0
691900.0,149.0
268400.0,40.0
1036600.0,210.0
416600.0,90.0
384600.0,124.0
896500.0,172.0
695800.0,126.0
1017200.0,194.0
606900.0,116.0
284500.0,60.0
390600.0,99.0
671900.0,138.0
588100.0,145.0
613300.0,123.0
297500.0,78.0
856200.0,163.0
777600.0,144.0
1079200.0,205.0
553000.0,104.0
333300.0,95.0
664200.0,167.0
818100.0,143.0
481300.0,92.0
610000.0,85.0
432600.0,150.0
552281.0,123.0
431100.0,82.0
388700.0,138.0
339800.0,60.0
482800.0,140.0
229600.0,35.0
865200.0,150.0
217000.0,43.0
496000.0,76.0
395000.0,156.0
552281.0,123.0
195200.0,43.0
879400.0,249.0
59400.0,21.0
539400.0,129.0
552281.0,123.0
623413.0,153.0
650000.0,120.0
531200.0,80.0
529000.0,140.0
655200.0,154.0
392100.0,63.0
943100.0,205.0
479387.0,86.0
462100.0,132.0
552281.0,123.0
575100.0,109.0
20100.0,8.0
640200.0,97.0
411400.0,90.0
583400.0,142.0
367300.0,76.0
714000.0,180.0
18600.0,7.0
230900.0,88.0
312600.0,101.0
412800.0,89.0
585400.0,140.0
250300.0,50.0
338200.0,108.0
660900.0,134.0
256900.0,63.0
592300.0,165.0
563600.0,92.0
284000.0,93.0
462000.0,104.0
279400.0,53.0
721100.0,173.0
594500.0,99.0
174300.0,61.0
237900.0,74.0
283100.0,45.0
455400.0,163.0
670000.0,98.0
129000.0,32.0
591600.0,108.0
611500.0,109.0
354500.0,130.0
554400.0,86.0
49400.0,11.0
557800.0,123.0
535900.0,96.0
644000.0,161.0
736300.0,104.0
267500.0,61.0
612300.0,113.0
685800.0,130.0
372000.0,96.0
723700.0,100.0
345000.0,100.0
529400.0,118.0
291500.0,64.0
480200.0,137.0
614300.0,106.0
269700.0,102.0
495400.0,113.0
229600.0,71.0
569100.0,154.0
667500.0,126.0
359700.0,108.0
713200.0,169.0
303100.0,61.0
702800.0,175.0
541500.0,93.0
324100.0,110.0
490000.0,137.0
108400.0,48.0
545400.0,148.0
374400.0,74.0
327800.0,113.0
500200.0,113.0
844300.0,142.0
539100.0,142.0
350900.0,93.0
255800.0,102.0
485400.0,109.0
427600.0,81.0
472200.0,130.0
343500.0,65.0
417600.0,113.0
602900.0,124.0
390100.0,73.0
831600.0,170.0
283400.0,86.0
302100.0,81.0
569500.0,134.0
486300.0,97.0
716300.0,157.0
511000.0,85.0
316500.0,89.0
509900.0,109.0
554100.0,106.0
294500.0,109.0
329200.0,77.0
289000.0,118.0
582800.0,125.0
945600.0,163.0
871800.0,214.0
582100.0,105.0
152100.0,40.0
477900.0,102.0
570000.0,137.0
502900.0,169.0
466700.0,98.0
468200.0,123.0
607900.0,152.0
944800.0,207.0
750000.0,173.0
488200.0,115.0
274900.0,100.0
636900.0,126.0
335500.0,67.0
967400.0,195.0
554100.0,113.0
227000.0,102.0
653000.0,139.0
198500.0,31.0
603900.0,152.0
1073200.0,171.0
350100.0,106.0
559134.0,131.0
1091600.0,219.0
992900.0,208.0
747000.0,109.0
398900.0,122.0
616371.0,149.0
708100.0,136.0
885100.0,170.0
509600.0,111.0
414900.0,136.0
955900.0,186.0
420000.0,88.0
619500.0,154.0
500.0,1.0
246500.0,87.0
707700.0,133.0
365900.0,57.0
937300.0,177.0
336100.0,72.0
422500.0,134.0
140100.0,46.0
649000.0,118.0
958500.0,194.0
258400.0,55.0
374900.0,118.0
211800.0,90.0
431500.0,72.0
474300.0,171.0
73100.0,37.0
467700.0,115.0
960500.0,186.0
364800.0,74.0
1134300.0,247.0
268600.0,59.0
784700.0,170.0
739300.0,178.0
144500.0,34.0
993500.0,209.0
330800.0,84.0
493500.0,163.0
616371.0,149.0
34000.0,7.0
10000.0,1.0
649200.0,106.0
410200.0,107.0
762200.0,166.0
365700.0,79.0
229000.0,80.0
511100.0,76.0
376300.0,105.0
239800.0,94.0
530100.0,110.0
347300.0,119.0
303600.0,71.0
395700.0,109.0
654300.0,133.0
988400.0,192.0
482100.0,95.0
399100.0,86.0
321300.0,85.0
407000.0,111.0
276700.0,99.0
707100.0,165.0
315100.0,70.0
314500.0,90.0
573900.0,113.0
588200.0,100.0
507800.0,136.0
839300.0,135.0
173000.0,37.0
558500.0,113.0
590100.0,104.0
461700.0,123.0
269500.0,73.0
385048.0,112.0
554400.0,160.0
238400.0,66.0
357100.0,84.0
519800.0,93.0
359100.0,91.0
637600.0,155.0
564000.0,106.0
556200.0,161.0
324600.0,63.0
335500.0,113.0
484400.0,158.0
242900.0,74.0
310500.0,121.0
469400.0,100.0
445900.0,118.0
569500.0,156.0
490000.0,77.0
465000.0,122.0
497300.0,97.0
361800.0,90.0
369900.0,127.0
312700.0,69.0
267500.0,69.0
560600.0,102.0
404800.0,99.0
827700.0,154.0
352000.0,72.0
685800.0,145.0
229600.0,47.0
456800.0,121.0
566800.0,154.0
562500.0,109.0
528000.0,149.0
252800.0,59.0
261000.0,101.0
394800.0,109.0
371300.0,105.0
571000.0,143.0
496700.0,79.0
395700.0,143.0
713200.0,135.0
826400.0,115.0
711400.0,161.0
273900.0,59.0
399900.0,135.0
339400.0,110.0
247800.0,116.0
441000.0,111.0
551100.0,101.0
416400.0,111.0
473000.0,124.0
217900.0,43.0
499900.0,136.0
759700.0,124.0
414700.0,119.0
733300.0,161.0
708400.0,130.0
698400.0,176.0
599200.0,112.0
344300.0,108.0
563900.0,128.0
822900.0,178.0
899400.0,222.0
435043.0,81.0
350300.0,112.0
676000.0,144.0
523100.0,112.0
865900.0,198.0
646600.0,120.0
375200.0,136.0
712000.0,131.0
173700.0,43.0
789900.0,190.0
670300.0,115.0
346000.0,99.0
602300.0,146.0
609100.0,150.0
390000.0,112.0
599200.0,101.0
486200.0,117.0
523448.0,121.0
396500.0,74.0
952700.0,188.0
620500.0,118.0
421200.0,116.0
71100.0,37.0
445700.0,113.0
155100.0,56.0
213800.0,50.0
293600.0,102.0
687300.0,149.0
331400.0,66.0
863200.0,163.0
194000.0,58.0
453600.0,111.0
540900.0,140.0
359900.0,73.0
651000.0,153.0
329400.0,72.0
498000.0,122.0
608704.0,143.0
598200.0,131.0
725400.0,138.0
173900.0,41.0
377400.0,78.0
523448.0,121.0
623700.0,82.0
1023300.0,228.0
755500.0,132.0
462100.0,151.0
523448.0,121.0
720300.0,148.0
1075500.0,248.0
311500.0,48.0
514800.0,140.0
608704.0,143.0
694500.0,158.0
489000.0,107.0
715600.0,110.0
363900.0,126.0
452000.0,109.0
585600.0,107.0
606800.0,127.0
511300.0,102.0
310900.0,110.0
608600.0,135.0
179200.0,37.0
513600.0,109.0
653500.0,90.0
364000.0,112.0
709600.0,130.0
418200.0,84.0
540900.0,128.0
558900.0,132.0
470700.0,122.0
676100.0,125.0
280000.0,63.0
172500.0,31.0
533000.0,90.0
336300.0,112.0
372400.0,89.0
260000.0,76.0
585500.0,97.0
524500.0,88.0
227300.0,113.0
523448.0,121.0
570400.0,94.0
336400.0,89.0
372400.0,78.0
328800.0,127.0
523448.0,121.0
608704.0,143.0
34200.0,15.0
578500.0,100.0
372500.0,80.0
523448.0,121.0
642700.0,114.0
458300.0,120.0
389600.0,86.0
212400.0,91.0
521500.0,130.0
531700.0,149.0
620400.0,154.0
261700.0,49.0
331500.0,108.0
410300.0,123.0
254200.0,73.0
534100.0,141.0
355800.0,74.0
540000.0,144.0
589800.0,132.0
579600.0,99.0
630400.0,145.0
128600.0,35.0
339100.0,98.0
307900.0,108.0
347600.0,75.0
438500.0,114.0
185200.0,55.0
292700.0,111.0
653200.0,144.0
311200.0,57.0
883600.0,186.0
236800.0,56.0
449700.0,149.0
448533.0,91.0
370800.0,107.0
418900.0,147.0
590400.0,74.0
400600.0,118.0
332500.0,95.0
35000.0,4.0
478700.0,128.0
208600.0,35.0
321400.0,109.0
478300.0,106.0
127800.0,38.0
499600.0,132.0
427300.0,72.0
212900.0,78.0
568800.0,127.0
676200.0,97.0
759000.0,158.0
271400.0,56.0
392200.0,117.0
241100.0,67.0
300200.0,67.0
315200.0,81.0
434300.0,73.0
569900.0,150.0
647100.0,141.0
1101500.0,192.0
585300.0,166.0
568200.0,118.0
422800.0,118.0
390389.0,78.0
770200.0,143.0
820600.0,194.0
514800.0,123.0
430100.0,138.0
620800.0,131.0
252300.0,62.0
571200.0,164.0
551100.0,124.0
37300.0,10.0
490800.0,112.0
301300.0,62.0
463000.0,141.0
821300.0,144.0
451500.0,107.0
603324.0,155.0
661200.0,139.0
478100.0,87.0
670000.0,96.0
420300.0,134.0
638600.0,131.0
453200.0,66.0
893900.0,205.0
722600.0,118.0
420500.0,119.0
560900.0,115.0
188800.0,49.0
596200.0,137.0
390000.0,79.0
491700.0,129.0
555300.0,109.0
513700.0,89.0
1008600.0,187.0
400200.0,63.0
581200.0,128.0
950300.0,160.0
327900.0,78.0
756800.0,217.0
293600.0,50.0
394300.0,105.0
505527.0,121.0
529600.0,120.0
493400.0,143.0
11800.0,3.0
521300.0,135.0
540400.0,112.0
453400.0,84.0
1032600.0,245.0
292300.0,48.0
603400.0,176.0
106900.0,50.0
424100.0,86.0
347600.0,118.0
922900.0,130.0
570700.0,160.0
603324.0,155.0
596900.0,128.0
508900.0,91.0
370200.0,57.0
311100.0,95.0
457100.0,106.0
160200.0,29.0
473700.0,109.0
60800.0,24.0
384200.0,116.0
595600.0,119.0
413800.0,83.0
624000.0,159.0
512600.0,101.0
424700.0,112.0
275400.0,87.0
230600.0,54.0
571300.0,140.0
464800.0,74.0
433500.0,142.0
232600.0,106.0
63800.0,16.0
245900.0,115.0
125700.0,57.0
476500.0,140.0
552200.0,114.0
138800.0,22.0
690200.0,151.0
162100.0,19.0
469200.0,126.0
599500.0,140.0
356800.0,70.0
602000.0,142.0
398700.0,57.0
492900.0,132.0
574600.0,149.0
345400.0,60.0
860600.0,197.0
89600.0,25.0
522700.0,132.0
498900.0,137.0
28400.0,7.0
448200.0,120.0
229300.0,41.0
330900.0,112.0
390389.0,78.0
741600.0,191.0
477800.0,123.0
272900.0,53.0
377000.0,112.0
390389.0,78.0
571600.0,160.0
670200.0,200.0
342500.0,71.0
301100.0,151.0
390389.0,78.0
239800.0,78.0
230100.0,71.0
497200.0,61.0
280700.0,85.0
273600.0,96.0
389400.0,79.0
541800.0,143.0
200100.0,35.0
349200.0,106.0
411400.0,138.0
708300.0,158.0
554400.0,157.0
416700.0,59.0
271600.0,83.0
423800.0,124.0
971300.0,190.0
632000.0,175.0
369200.0,82.0
357800.0,122.0
537300.0,124.0
486100.0,131.0
659000.0,146.0
474800.0,83.0
436400.0,122.0
371900.0,100.0
571300.0,95.0
531800.0,132.0
335900.0,63.0
658300.0,161.0
495800.0,130.0
198100.0,59.0
493200.0,155.0
103300.0,25.0
330800.0,126.0
346900.0,91.0
274200.0,62.0
649100.0,154.0
262900.0,45.0
383700.0,118.0
473900.0,123.0
772700.0,114.0
557200.0,159.0
606000.0,120.0
362400.0,109.0
697000.0,131.0
816500.0,195.0
699400.0,150.0
384300.0,104.0
357800.0,123.0
781000.0,172.0
940600.0,195.0
676000.0,153.0
311900.0,90.0
439717.0,121.0
561800.0,119.0
323500.0,58.0
758000.0,159.0
576000.0,114.0
441400.0,107.0
725300.0,143.0
409400.0,70.0
828400.0,176.0
758600.0,112.0
490000.0,137.0
719200.0,125.0
255500.0,45.0
738600.0,182.0
724500.0,107.0
518200.0,139.0
668200.0,128.0
354700.0,49.0
494300.0,103.0
627000.0,119.0
465800.0,106.0
500700.0,126.0
409900.0,67.0
783800.0,173.0
393800.0,75.0
609400.0,150.0
121400.0,33.0
333500.0,76.0
589900.0,153.0
187800.0,49.0
433700.0,136.0
657300.0,147.0
475700.0,85.0
582200.0,150.0
31600.0,11.0
374600.0,117.0
580100.0,116.0
413600.0,74.0
618700.0,198.0
381500.0,73.0
552900.0,145.0
469700.0,68.0
330200.0,155.0
614500.0,114.0
582400.0,92.0
414700.0,118.0
609862.0,157.0
634900.0,132.0
96400.0,17.0
156500.0,55.0
451300.0,136.0
661100.0,128.0
263600.0,53.0
356800.0,169.0
509900.0,60.0
439800.0,87.0
225100.0,37.0
153700.0,40.0
642400.0,162.0
343400.0,73.0
388800.0,113.0
600300.0,137.0
324400.0,82.0
756300.0,167.0
362400.0,61.0
603100.0,150.0
426100.0,121.0
143100.0,40.0
732500.0,175.0
177200.0,46.0
393100.0,124.0
283900.0,69.0
76900.0,29.0
420500.0,103.0
179600.0,39.0
405600.0,123.0
429200.0,120.0
225200.0,50.0
469900.0,126.0
506700.0,68.0
478800.0,138.0
512800.0,119.0
91400.0,24.0
664000.0,163.0
284600.0,53.0
508300.0,127.0
338500.0,101.0
204600.0,61.0
472900.0,158.0
270800.0,51.0
448700.0,107.0
574200.0,144.0
416600.0,73.0
582800.0,139.0
456100.0,88.0
372200.0,82.0
557000.0,127.0
263900.0,55.0
517500.0,140.0
485300.0,84.0
361500.0,114.0
325100.0,91.0
568500.0,111.0
533800.0,132.0
373600.0,70.0
479800.0,128.0
343500.0,97.0
196100.0,33.0
480500.0,156.0
155200.0,43.0
324000.0,112.0
380700.0,103.0
157500.0,26.0
744000.0,189.0
266400.0,71.0
304900.0,106.0
525100.0,126.0
30700.0,9.0
579300.0,174.0
92000.0,44.0
324900.0,117.0
190100.0,82.0
15500.0,2.0
328100.0,151.0
505800.0,68.0
322700.0,82.0
597100.0,132.0
1500.0,1.0
801000.0,227.0
395300.0,69.0
572900.0,131.0
603500.0,124.0
169900.0,31.0
670300.0,183.0
358800.0,71.0
550500.0,141.0
674800.0,116.0
223700.0,51.0
549600.0,123.0
956400.0,160.0
394400.0,127.0
486000.0,113.0
527096.0,109.0
915800.0,228.0
480700.0,95.0
388300.0,118.0
527400.0,119.0
493100.0,108.0
790700.0,177.0
761500.0,115.0
451083.0,129.0
631900.0,132.0
82800.0,27.0
675900.0,148.0
603300.0,112.0
298400.0,77.0
572900.0,119.0
578700.0,118.0
880600.0,178.0
432000.0,97.0
528900.0,161.0
472000.0,104.0
177200.0,46.0
529700.0,147.0
363800.0,78.0
497100.0,139.0
489000.0,137.0
1015200.0,202.0
161000.0,39.0
421400.0,94.0
423800.0,108.0
671900.0,146.0
737200.0,179.0
649500.0,174.0
400600.0,84.0
412100.0,131.0
489300.0,127.0
482700.0,100.0
667400.0,193.0
105300.0,33.0
580200.0,127.0
762300.0,168.0
487600.0,94.0
752800.0,181.0
265100.0,72.0
676200.0,176.0
516000.0,118.0
740100.0,130.0
943300.0,240.0
331221.0,65.0
876700.0,180.0
284600.0,60.0
263900.0,134.0
239900.0,62.0
553400.0,83.0
517500.0,141.0
644250.0,174.0
595000.0,126.0
432500.0,98.0
345500.0,54.0
302800.0,122.0
51500.0,24.0
322200.0,70.0
858300.0,206.0
390700.0,72.0
443200.0,121.0
645400.0,146.0
750200.0,105.0
694100.0,177.0
227400.0,60.0
556500.0,141.0
735200.0,140.0
363200.0,72.0
771900.0,199.0
162700.0,41.0
325200.0,95.0
415400.0,112.0
514600.0,90.0
488900.0,171.0
100.0,1.0
476700.0,141.0
527096.0,109.0
858900.0,154.0
833200.0,246.0
331221.0,65.0
448700.0,148.0
121500.0,61.0
608800.0,140.0
476800.0,178.0
100.0,1.0
411900.0,119.0
381800.0,127.0
923200.0,151.0
686100.0,178.0
283500.0,59.0
480400.0,116.0
786900.0,149.0
924000.0,177.0
512800.0,134.0
216400.0,45.0
375400.0,121.0
300000.0,93.0
438300.0,117.0
610900.0,165.0
244700.0,55.0
286900.0,121.0
69600.0,54.0
296600.0,93.0
554100.0,161.0
283600.0,45.0
231600.0,98.0
397900.0,81.0
528700.0,118.0
447600.0,147.0
367500.0,74.0
376700.0,129.0
502600.0,127.0
66800.0,12.0
702900.0,221.0
77800.0,41.0
399000.0,126.0
248900.0,98.0
335400.0,104.0
476200.0,135.0
218400.0,55.0
468700.0,135.0
380500.0,103.0
1126800.0,227.0
565400.0,158.0
462000.0,86.0
347800.0,124.0
343000.0,90.0
749900.0,110.0
516200.0,167.0
82100.0,34.0
561300.0,134.0
549500.0,149.0
77100.0,21.0
543700.0,192.0
347700.0,56.0
546400.0,135.0
527096.0,109.0
454200.0,98.0
640600.0,180.0
334700.0,53.0
448600.0,122.0
717000.0,130.0
747100.0,108.0
693700.0,189.0
217000.0,35.0
451083.0,129.0
607900.0,101.0
494800.0,91.0
1047500.0,247.0
673300.0,149.0
469700.0,126.0
492000.0,158.0
361300.0,99.0
587600.0,211.0
480500.0,97.0
346000.0,112.0
588900.0,144.0
441900.0,107.0
733800.0,188.0
836800.0,166.0
6300.0,13.0
456900.0,103.0
872300.0,127.0
918200.0,189.0
626700.0,115.0
392500.0,91.0
686600.0,147.0
232200.0,48.0
604300.0,202.0
559800.0,110.0
480200.0,117.0
663300.0,147.0
270300.0,45.0
427700.0,102.0
495900.0,65.0
423300.0,101.0
430700.0,115.0
833600.0,203.0
702100.0,134.0
665400.0,118.0
432600.0,124.0
870000.0,194.0
507700.0,113.0
604000.0,129.0
535700.0,90.0
542800.0,148.0
579400.0,126.0
65700.0,20.0
679900.0,167.0
226200.0,47.0
551700.0,136.0
695700.0,132.0
406500.0,79.0
470200.0,80.0
494700.0,64.0
372500.0,125.0
342000.0,101.0
359000.0,75.0
672600.0,256.0
256000.0,44.0
423900.0,157.0
524400.0,108.0
632000.0,128.0
405600.0,90.0
616200.0,96.0
569700.0,129.0
428883.0,114.0
461700.0,106.0
330000.0,60.0
256300.0,47.0
183200.0,69.0
513300.0,134.0
434500.0,75.0
262400.0,76.0
542800.0,87.0
553300.0,157.0
474000.0,123.0
787800.0,152.0
361500.0,86.0
221600.0,45.0
492700.0,125.0
179400.0,60.0
454600.0,119.0
57400.0,41.0
25100.0,19.0
475900.0,118.0
336700.0,82.0
596300.0,106.0
371000.0,97.0
353300.0,63.0
666300.0,154.0
749700.0,142.0
77100.0,16.0
759000.0,171.0
190800.0,48.0
365500.0,117.0
497400.0,137.0
590900.0,121.0
430700.0,134.0
361800.0,55.0
365400.0,123.0
501500.0,126.0
89800.0,18.0
464900.0,106.0
380400.0,71.0
578600.0,121.0
434600.0,116.0
87100.0,16.0
68100.0,44.0
507200.0,91.0
452800.0,140.0
758200.0,170.0
510800.0,89.0
471500.0,145.0
103500.0,30.0
350500.0,112.0
430361.0,89.0
320700.0,112.0
305000.0,74.0
126700.0,39.0
312000.0,119.0
605000.0,125.0
22400.0,3.0
218100.0,69.0
267800.0,44.0
447700.0,135.0
458800.0,108.0
349600.0,94.0
470300.0,142.0
207500.0,51.0
442400.0,146.0
592500.0,157.0
673700.0,138.0
396800.0,114.0
449400.0,109.0
569600.0,146.0
666800.0,162.0
632700.0,123.0
444200.0,96.0
414300.0,85.0
515400.0,143.0
743500.0,165.0
201900.0,60.0
208100.0,58.0
505500.0,79.0
352900.0,129.0
385200.0,138.0
921100.0,171.0
68400.0,33.0
118500.0,25.0
382300.0,145.0
1400.0,3.0
307300.0,84.0
25600.0,21.0
752500.0,93.0
611100.0,149.0
430361.0,89.0
784500.0,191.0
248600.0,64.0
329700.0,98.0
416000.0,118.0
593308.0,122.0
564300.0,137.0
924500.0,206.0
656900.0,114.0
467600.0,127.0
644700.0,154.0
547300.0,102.0
726700.0,175.0
505000.0,107.0
509000.0,130.0
682800.0,185.0
345200.0,74.0
653500.0,151.0
372300.0,85.0
337700.0,116.0
509100.0,137.0
227600.0,63.0
448700.0,138.0
604200.0,119.0
413500.0,114.0
498000.0,139.0
399900.0,79.0
781800.0,171.0
197200.0,49.0
404900.0,120.0
413200.0,119.0
858300.0,214.0
447500.0,96.0
641100.0,134.0
506600.0,144.0
258700.0,104.0
322400.0,75.0
455400.0,162.0
304000.0,60.0
479300.0,131.0
499800.0,128.0
487500.0,88.0
598500.0,159.0
246900.0,49.0
480300.0,155.0
687300.0,120.0
145900.0,48.0
697100.0,177.0
61500.0,5.0
515500.0,119.0
565400.0,141.0
936100.0,113.0
981000.0,242.0
228100.0,44.0
364600.0,109.0
559200.0,141.0
107500.0,37.0
714300.0,152.0
312500.0,58.0
491500.0,142.0
675364.0,166.0
590400.0,152.0
868700.0,164.0
227900.0,97.0
598000.0,157.0
675364.0,166.0
445800.0,164.0
936300.0,224.0
404000.0,91.0
550600.0,137.0
675364.0,166.0
490300.0,169.0
1148300.0,206.0
432200.0,86.0
376100.0,104.0
675364.0,166.0
673300.0,138.0
693900.0,141.0
230300.0,84.0
539200.0,143.0
593308.0,122.0
675364.0,166.0
693400.0,135.0
206100.0,65.0
413700.0,112.0
593308.0,122.0
675364.0,166.0
442500.0,107.0
383200.0,80.0
284100.0,116.0
675364.0,166.0
563100.0,115.0
841100.0,156.0
518900.0,102.0
443800.0,121.0
675364.0,166.0
550800.0,124.0
740600.0,129.0
389700.0,78.0
406400.0,149.0
675364.0,166.0
422200.0,119.0
99900.0,21.0
352800.0,58.0
522800.0,145.0
675364.0,166.0
520100.0,134.0
1000800.0,206.0
249800.0,64.0
494900.0,144.0
675364.0,166.0
549900.0,119.0
435100.0,95.0
543200.0,70.0
578900.0,144.0
675364.0,166.0
648400.0,127.0
988900.0,166.0
99400.0,22.0
497100.0,122.0
675364.0,166.0
488100.0,99.0
547400.0,119.0
332390.0,74.0
234300.0,73.0
675364.0,166.0
244800.0,66.0
149400.0,40.0
247400.0,71.0
232700.0,77.0
593308.0,122.0
675364.0,166.0
191100.0,63.0
320300.0,78.0
375700.0,134.0
675364.0,166.0
300.0,1.0
712200.0,231.0
470600.0,94.0
418400.0,122.0
593308.0,122.0
675364.0,166.0
507000.0,111.0
290700.0,72.0
494000.0,135.0
593308.0,122.0
675364.0,166.0
504600.0,131.0
69600.0,47.0
489500.0,128.0
675364.0,166.0
703700.0,146.0
699100.0,147.0
76200.0,51.0
497700.0,156.0
593308.0,122.0
675364.0,166.0
558400.0,129.0
25600.0,19.0
663600.0,155.0
646188.0,132.0
149831.0,34.0
9100.0,4.0
240600.0,37.0
634100.0,166.0
646188.0,132.0
655000.0,123.0
44200.0,6.0
249000.0,48.0
665800.0,169.0
514300.0,109.0
979600.0,177.0
100300.0,33.0
104900.0,19.0
392981.0,111.0
294100.0,69.0
822200.0,157.0
295000.0,69.0
264308.0,52.0
392981.0,111.0
149831.0,34.0
23700.0,10.0
187700.0,56.0
264308.0,52.0
392981.0,111.0
453374.0,104.0
835900.0,174.0
105100.0,15.0
369700.0,44.0
205300.0,42.0
453374.0,104.0
149831.0,34.0
602900.0,103.0
264308.0,52.0
428100.0,119.0
646188.0,132.0
479100.0,108.0
191000.0,38.0
270500.0,50.0
725400.0,165.0
453374.0,104.0
700.0,2.0
365000.0,81.0
374400.0,95.0
381000.0,105.0
453374.0,104.0
682600.0,126.0
649000.0,112.0
264308.0,52.0
392981.0,111.0
697000.0,141.0
392600.0,64.0
264600.0,37.0
6500.0,6.0
36700.0,23.0
1500.0,1.0
35100.0,41.0
100.0,1.0
385500.0,65.0
447600.0,104.0
149831.0,34.0
839300.0,160.0
1000900.0,155.0
661300.0,130.0
466200.0,127.0
149831.0,34.0
670800.0,143.0
1126800.0,169.0
264308.0,52.0
424300.0,130.0
149831.0,34.0
269100.0,79.0
760700.0,197.0
9700.0,6.0
379400.0,117.0
149831.0,34.0
273200.0,73.0
331900.0,88.0
264308.0,52.0
354400.0,118.0
149831.0,34.0
135700.0,76.0
777600.0,202.0
391400.0,76.0
406900.0,129.0
149831.0,34.0
479400.0,129.0
151300.0,36.0
125100.0,19.0
360800.0,115.0
646188.0,132.0
149831.0,34.0
654400.0,130.0
19100.0,8.0
271300.0,55.0
149831.0,34.0
652400.0,143.0
739800.0,134.0
80200.0,29.0
178300.0,73.0
149831.0,34.0
713100.0,138.0
489900.0,94.0
285100.0,49.0
447900.0,132.0
149831.0,34.0
431700.0,98.0
935900.0,173.0
212600.0,44.0
327900.0,123.0
581200.0,133.0
604300.0,104.0
1800.0,5.0
81600.0,34.0
49600.0,42.0
149831.0,34.0
259500.0,93.0
946700.0,241.0
330400.0,79.0
314800.0,86.0
646188.0,132.0
487400.0,125.0
11100.0,10.0
264308.0,52.0
74200.0,46.0
149831.0,34.0
387200.0,93.0
1207300.0,248.0
439500.0,88.0
194300.0,68.0
447100.0,100.0
426500.0,88.0
15700.0,14.0
314800.0,59.0
312500.0,122.0
646188.0,132.0
559900.0,139.0
12100.0,6.0
411100.0,63.0
450200.0,124.0
486400.0,109.0
379900.0,111.0
132300.0,44.0
653900.0,123.0
617900.0,162.0
783200.0,157.0
1089700.0,219.0
205500.0,59.0
300900.0,52.0
792000.0,174.0
646188.0,132.0
456300.0,117.0
4500.0,6.0
52000.0,35.0
305900.0,67.0
561164.0,109.0
214114.0,50.0
866800.0,166.0
391300.0,65.0
425000.0,132.0
711100.0,152.0
996200.0,189.0
13400.0,14.0
215100.0,71.0
402900.0,97.0
561164.0,109.0
279800.0,61.0
446200.0,98.0
79600.0,22.0
129900.0,35.0
387200.0,87.0
587700.0,117.0
296700.0,63.0
137800.0,21.0
395500.0,96.0
214114.0,50.0
673900.0,138.0
1145800.0,167.0
315312.0,61.0
474981.0,127.0
566659.0,130.0
294200.0,67.0
558800.0,82.0
175400.0,23.0
285100.0,75.0
566659.0,130.0
214114.0,50.0
851600.0,132.0
315312.0,61.0
562700.0,147.0
561164.0,109.0
419000.0,101.0
88500.0,11.0
241600.0,31.0
643700.0,150.0
566659.0,130.0
156600.0,20.0
128500.0,24.0
262500.0,47.0
474981.0,127.0
566659.0,130.0
531600.0,96.0
424000.0,113.0
315312.0,61.0
357900.0,75.0
808400.0,154.0
170600.0,34.0
192900.0,34.0
315312.0,61.0
474981.0,127.0
566659.0,130.0
561164.0,109.0
214114.0,50.0
147800.0,38.0
458700.0,129.0
443800.0,110.0
868900.0,154.0
398400.0,88.0
203100.0,40.0
557300.0,166.0
366800.0,132.0
591400.0,168.0
273000.0,92.0
391500.0,83.0
671500.0,155.0
213900.0,42.0
958800.0,172.0
214300.0,57.0
588500.0,98.0
392600.0,107.0
214114.0,50.0
507400.0,135.0
771800.0,143.0
595100.0,100.0
366700.0,134.0
795500.0,160.0
1137000.0,190.0
192600.0,38.0
593100.0,109.0
647900.0,147.0
512400.0,143.0
413300.0,78.0
131100.0,33.0
517600.0,115.0
435600.0,144.0
734500.0,162.0
149700.0,44.0
55100.0,27.0
407800.0,61.0
535100.0,147.0
812100.0,148.0
703700.0,108.0
296300.0,68.0
331000.0,60.0
652400.0,181.0
566659.0,130.0
187500.0,85.0
350500.0,98.0
202500.0,48.0
400300.0,130.0
566659.0,130.0
164400.0,93.0
18000.0,4.0
120900.0,54.0
666700.0,165.0
759800.0,162.0
989800.0,212.0
233600.0,40.0
228600.0,48.0
399700.0,121.0
331200.0,121.0
102400.0,28.0
28400.0,13.0
209200.0,34.0
434200.0,136.0
647600.0,163.0
573400.0,106.0
199900.0,59.0
229900.0,60.0
591800.0,135.0
616100.0,144.0
695100.0,84.0
13700.0,11.0
323300.0,46.0
527500.0,141.0
214114.0,50.0
661300.0,135.0
137000.0,37.0
493500.0,107.0
470100.0,150.0
214114.0,50.0
316400.0,120.0
484100.0,123.0
744100.0,109.0
632800.0,142.0
601500.0,132.0
366500.0,68.0
156600.0,44.0
20000.0,5.0
224900.0,51.0
180755.0,42.0
710300.0,160.0
324000.0,126.0
293200.0,43.0
570300.0,160.0
599635.0,103.0
1010700.0,149.0
81600.0,40.0
443800.0,85.0
408654.0,112.0
742200.0,137.0
737000.0,97.0
324900.0,52.0
307200.0,46.0
391200.0,90.0
638600.0,164.0
816000.0,158.0
57900.0,16.0
46800.0,9.0
340400.0,102.0
180755.0,42.0
626200.0,121.0
738700.0,119.0
2600.0,3.0
562800.0,167.0
501800.0,98.0
280000.0,63.0
3500.0,1.0
244300.0,38.0
508100.0,126.0
606538.0,124.0
180755.0,42.0
594700.0,109.0
278342.0,54.0
443800.0,106.0
1165100.0,201.0
217000.0,32.0
138000.0,38.0
278342.0,54.0
502100.0,120.0
606538.0,124.0
336900.0,70.0
17000.0,7.0
315400.0,61.0
439200.0,96.0
444600.0,82.0
626700.0,80.0
523500.0,87.0
278342.0,54.0
646700.0,126.0
309700.0,54.0
436900.0,89.0
57800.0,15.0
278342.0,54.0
408654.0,112.0
606538.0,124.0
599635.0,103.0
180755.0,42.0
268300.0,46.0
493800.0,152.0
513300.0,134.0
834400.0,155.0
281500.0,111.0
214500.0,53.0
454700.0,135.0
754200.0,153.0
969100.0,156.0
257100.0,64.0
143700.0,33.0
580700.0,140.0
602200.0,127.0
635200.0,116.0
210500.0,34.0
400400.0,69.0
501400.0,130.0
569800.0,121.0
599900.0,85.0
317200.0,48.0
498900.0,109.0
398100.0,117.0
180755.0,42.0
729700.0,140.0
770500.0,107.0
608700.0,125.0
441200.0,119.0
599635.0,103.0
180755.0,42.0
462500.0,103.0
141800.0,31.0
273000.0,101.0
180755.0,42.0
611800.0,125.0
1052100.0,156.0
221200.0,82.0
605700.0,150.0
308500.0,107.0
497400.0,127.0
191500.0,62.0
328800.0,86.0
558400.0,134.0
740600.0,146.0
736200.0,118.0
265600.0,54.0
267800.0,63.0
467500.0,127.0
650000.0,129.0
489600.0,73.0
191300.0,48.0
416000.0,71.0
453900.0,143.0
505900.0,104.0
505200.0,83.0
43200.0,22.0
240200.0,50.0
53800.0,26.0
180755.0,42.0
675900.0,117.0
761000.0,107.0
278342.0,54.0
222900.0,99.0
180755.0,42.0
103100.0,26.0
889900.0,179.0
124800.0,35.0
384700.0,124.0
606538.0,124.0
180755.0,42.0
50500.0,18.0
96700.0,13.0
240300.0,105.0
606538.0,124.0
599635.0,103.0
180755.0,42.0
330000.0,36.0
173100.0,55.0
592600.0,137.0
975500.0,154.0
83100.0,19.0
191400.0,48.0
408654.0,112.0
599635.0,103.0
424900.0,109.0
103000.0,40.0
380400.0,79.0
82200.0,38.0
713100.0,134.0
715100.0,107.0
229800.0,45.0
690000.0,94.0
427400.0,105.0
662700.0,142.0
1000.0,3.0
237100.0,45.0
74400.0,23.0
466400.0,115.0
577131.0,118.0
590962.0,104.0
183741.0,42.0
95400.0,22.0
588600.0,134.0
731100.0,147.0
851500.0,123.0
772100.0,149.0
348600.0,73.0
345000.0,113.0
800300.0,135.0
977200.0,184.0
462700.0,106.0
288400.0,35.0
480600.0,111.0
577131.0,118.0
125100.0,36.0
240100.0,47.0
281800.0,53.0
312600.0,80.0
590962.0,104.0
672300.0,129.0
42500.0,18.0
288490.0,46.0
661600.0,160.0
754300.0,130.0
508000.0,110.0
145500.0,19.0
395600.0,57.0
458900.0,92.0
1007800.0,187.0
610400.0,105.0
80500.0,20.0
288490.0,46.0
229200.0,63.0
871300.0,148.0
208600.0,38.0
374000.0,87.0
288490.0,46.0
620600.0,175.0
778900.0,163.0
221800.0,33.0
375000.0,89.0
475400.0,77.0
316100.0,102.0
639300.0,140.0
550500.0,84.0
210000.0,39.0
288490.0,46.0
397000.0,100.0
2000.0,1.0
587800.0,97.0
161200.0,36.0
288490.0,46.0
414886.0,111.0
577131.0,118.0
590962.0,104.0
183741.0,42.0
475800.0,71.0
654800.0,142.0
1005600.0,185.0
782100.0,132.0
89900.0,29.0
288490.0,46.0
144600.0,45.0
183741.0,42.0
348300.0,147.0
169500.0,31.0
96800.0,16.0
414886.0,111.0
590962.0,104.0
905000.0,186.0
60000.0,14.0
405900.0,62.0
452700.0,112.0
882500.0,161.0
865000.0,147.0
61700.0,30.0
302400.0,69.0
376800.0,118.0
183741.0,42.0
900.0,4.0
349300.0,100.0
441700.0,63.0
643300.0,152.0
351700.0,99.0
588400.0,96.0
60000.0,16.0
405200.0,50.0
516400.0,140.0
183741.0,42.0
529200.0,100.0
329400.0,60.0
203400.0,27.0
442300.0,133.0
629900.0,149.0
835800.0,130.0
60000.0,27.0
288490.0,46.0
276400.0,99.0
590962.0,104.0
63200.0,12.0
43500.0,18.0
288490.0,46.0
547900.0,134.0
451100.0,89.0
459000.0,77.0
181300.0,21.0
288490.0,46.0
448100.0,132.0
710700.0,119.0
559000.0,110.0
304100.0,76.0
288490.0,46.0
75200.0,23.0
590962.0,104.0
318000.0,93.0
35000.0,13.0
140700.0,31.0
236100.0,49.0
183741.0,42.0
533900.0,108.0
549900.0,81.0
238400.0,28.0
438700.0,125.0
183741.0,42.0
470600.0,102.0
1030800.0,198.0
155900.0,27.0
381400.0,133.0
446800.0,103.0
838800.0,131.0
135500.0,26.0
425600.0,69.0
305200.0,100.0
328000.0,86.0
495200.0,98.0
114200.0,43.0
233700.0,35.0
306300.0,101.0
772700.0,142.0
886600.0,158.0
33500.0,6.0
284700.0,38.0
494000.0,135.0
577131.0,118.0
183741.0,42.0
803400.0,143.0
117700.0,31.0
610000.0,122.0
224929.0,48.0
682100.0,136.0
455700.0,85.0
284800.0,62.0
568500.0,152.0
568041.0,100.0
875100.0,186.0
668200.0,184.0
583000.0,100.0
628700.0,168.0
963200.0,150.0
867000.0,135.0
369200.0,82.0
182800.0,39.0
487100.0,121.0
591300.0,132.0
875100.0,123.0
517100.0,84.0
164900.0,22.0
212700.0,53.0
224929.0,48.0
521000.0,92.0
706600.0,89.0
162919.0,32.0
670700.0,173.0
644500.0,165.0
644500.0,126.0
60600.0,11.0
151000.0,38.0
160000.0,60.0
765800.0,164.0
673900.0,98.0
531000.0,84.0
19300.0,17.0
469300.0,109.0
994300.0,172.0
198800.0,39.0
317800.0,62.0
162919.0,32.0
512200.0,160.0
1125600.0,188.0
46300.0,15.0
221000.0,54.0
162919.0,32.0
527600.0,132.0
90800.0,17.0
503800.0,73.0
532500.0,77.0
162919.0,32.0
654300.0,141.0
760900.0,154.0
527500.0,107.0
241600.0,40.0
162919.0,32.0
438390.0,115.0
578226.0,119.0
568041.0,100.0
224929.0,48.0
184600.0,34.0
350300.0,106.0
602200.0,152.0
262000.0,52.0
94600.0,26.0
80300.0,14.0
426100.0,110.0
388300.0,90.0
409800.0,67.0
81600.0,23.0
162919.0,32.0
243900.0,86.0
578226.0,119.0
224929.0,48.0
601500.0,151.0
162919.0,32.0
439100.0,124.0
578226.0,119.0
224929.0,48.0
546000.0,134.0
51700.0,8.0
452900.0,124.0
224929.0,48.0
374800.0,93.0
603100.0,130.0
218300.0,35.0
376700.0,100.0
553800.0,134.0
888300.0,143.0
18600.0,18.0
83800.0,13.0
413500.0,129.0
652900.0,124.0
210100.0,69.0
1200.0,2.0
115300.0,28.0
597600.0,154.0
607800.0,144.0
599700.0,99.0
55600.0,22.0
198200.0,38.0
438390.0,115.0
667700.0,164.0
797600.0,137.0
5900.0,8.0
90500.0,15.0
209700.0,51.0
225800.0,53.0
421300.0,106.0
1000.0,1.0
162919.0,32.0
342000.0,89.0
207900.0,48.0
793400.0,121.0
87500.0,36.0
162919.0,32.0
475200.0,85.0
61600.0,12.0
613600.0,132.0
304000.0,75.0
162919.0,32.0
456400.0,127.0
295400.0,64.0
794100.0,110.0
256500.0,46.0
162919.0,32.0
337600.0,118.0
567800.0,105.0
1034500.0,155.0
172500.0,36.0
162919.0,32.0
321300.0,86.0
494200.0,101.0
484500.0,77.0
185500.0,47.0
162919.0,32.0
294200.0,79.0
224929.0,48.0
416800.0,100.0
796800.0,137.0
162919.0,32.0
485800.0,125.0
578226.0,119.0
224929.0,48.0
435800.0,90.0
80500.0,18.0
434900.0,107.0
224929.0,48.0
669500.0,124.0
652300.0,96.0
162919.0,32.0
555000.0,142.0
224929.0,48.0
811000.0,158.0
29600.0,16.0
76700.0,27.0
596600.0,143.0
653146.0,132.0
547404.0,92.0
144817.0,32.0
65200.0,12.0
295100.0,84.0
1011500.0,178.0
648400.0,106.0
122200.0,29.0
489400.0,79.0
594300.0,156.0
421000.0,119.0
388400.0,110.0
444100.0,120.0
499600.0,81.0
574500.0,134.0
653146.0,132.0
278700.0,65.0
200900.0,34.0
69300.0,12.0
258800.0,68.0
144817.0,32.0
633800.0,141.0
853400.0,143.0
21900.0,4.0
627500.0,150.0
193100.0,48.0
848900.0,132.0
700.0,2.0
332300.0,51.0
424193.0,113.0
653146.0,132.0
593800.0,90.0
52500.0,13.0
577600.0,84.0
607300.0,169.0
653146.0,132.0
302000.0,53.0
513000.0,134.0
291374.0,52.0
639700.0,147.0
653146.0,132.0
219700.0,31.0
154000.0,39.0
464500.0,67.0
633100.0,137.0
997400.0,178.0
914600.0,111.0
335900.0,45.0
291374.0,52.0
576800.0,156.0
535000.0,138.0
182800.0,48.0
67200.0,21.0
291374.0,52.0
424193.0,113.0
653146.0,132.0
547404.0,92.0
144817.0,32.0
220200.0,41.0
431800.0,124.0
663800.0,144.0
528900.0,96.0
133000.0,27.0
301600.0,51.0
436200.0,104.0
718800.0,136.0
277200.0,41.0
28000.0,5.0
276800.0,63.0
499300.0,131.0
743600.0,138.0
291500.0,47.0
50800.0,10.0
387600.0,71.0
386200.0,117.0
869500.0,175.0
574600.0,89.0
181400.0,20.0
267300.0,58.0
371300.0,114.0
538400.0,103.0
895100.0,109.0
93500.0,29.0
317000.0,50.0
312900.0,119.0
765500.0,149.0
712500.0,132.0
84000.0,6.0
311600.0,52.0
368400.0,127.0
144817.0,32.0
615500.0,124.0
517300.0,139.0
457200.0,75.0
345500.0,103.0
144817.0,32.0
762800.0,137.0
580700.0,83.0
194900.0,43.0
418400.0,112.0
144817.0,32.0
564800.0,121.0
576100.0,93.0
120600.0,22.0
470600.0,114.0
144817.0,32.0
605100.0,101.0
752700.0,124.0
187500.0,46.0
440000.0,116.0
144817.0,32.0
612800.0,125.0
621100.0,108.0
217800.0,45.0
302900.0,90.0
144817.0,32.0
681600.0,135.0
684300.0,99.0
230400.0,51.0
191000.0,62.0
862300.0,140.0
533800.0,90.0
100000.0,22.0
170700.0,51.0
384400.0,119.0
144817.0,32.0
447200.0,122.0
615800.0,145.0
688600.0,110.0
354500.0,92.0
144817.0,32.0
614600.0,125.0
103500.0,25.0
148300.0,23.0
258200.0,66.0
519400.0,125.0
666600.0,101.0
43000.0,15.0
211200.0,36.0
398300.0,96.0
649100.0,129.0
675500.0,97.0
2500.0,1.0
561300.0,98.0
103800.0,27.0
144817.0,32.0
648900.0,136.0
489400.0,69.0
69700.0,19.0
494700.0,131.0
371239.0,78.0
795700.0,169.0
912200.0,138.0
58600.0,9.0
227800.0,69.0
371239.0,78.0
581000.0,134.0
820500.0,155.0
699100.0,110.0
415300.0,134.0
876700.0,202.0
149500.0,48.0
29800.0,8.0
243800.0,42.0
421300.0,122.0
455200.0,104.0
540100.0,77.0
313600.0,69.0
626400.0,115.0
294300.0,87.0
371239.0,78.0
865900.0,155.0
202100.0,50.0
261717.0,44.0
488800.0,127.0
371239.0,78.0
411600.0,65.0
773500.0,129.0
261717.0,44.0
289400.0,79.0
340333.0,63.0
762700.0,184.0
252000.0,66.0
150800.0,19.0
450400.0,145.0
622081.0,135.0
305600.0,71.0
452000.0,155.0
2200.0,5.0
306500.0,98.0
340333.0,63.0
817600.0,133.0
605100.0,88.0
555600.0,85.0
189900.0,95.0
1132900.0,208.0
768600.0,112.0
785800.0,114.0
51700.0,14.0
381000.0,113.0
545700.0,107.0
405800.0,85.0
222800.0,40.0
9400.0,8.0
299368.0,90.0
371239.0,78.0
2600.0,3.0
5600.0,13.0
261717.0,44.0
268800.0,78.0
1031200.0,227.0
36600.0,15.0
500.0,1.0
261717.0,44.0
516300.0,134.0
622081.0,135.0
371239.0,78.0
14700.0,2.0
261717.0,44.0
425400.0,133.0
371239.0,78.0
783700.0,152.0
292500.0,62.0
261717.0,44.0
241800.0,67.0
371239.0,78.0
780300.0,132.0
230200.0,48.0
261717.0,44.0
32700.0,8.0
434200.0,123.0
21100.0,6.0
98000.0,38.0
159300.0,34.0
315400.0,81.0
622081.0,135.0
193600.0,52.0
420400.0,86.0
431800.0,74.0
322500.0,90.0
961200.0,195.0
629600.0,108.0
481900.0,91.0
308700.0,55.0
327800.0,100.0
818800.0,163.0
458700.0,86.0
419000.0,91.0
19700.0,7.0
113500.0,47.0
593300.0,168.0
221600.0,47.0
45500.0,19.0
300100.0,54.0
202300.0,68.0
665300.0,138.0
275400.0,57.0
440100.0,78.0
378200.0,49.0
41800.0,24.0
735500.0,147.0
478500.0,98.0
455000.0,115.0
81500.0,25.0
299368.0,90.0
98400.0,72.0
145600.0,36.0
473000.0,119.0
356700.0,49.0
299368.0,90.0
535600.0,128.0
351800.0,64.0
935500.0,156.0
270800.0,35.0
299368.0,90.0
360400.0,117.0
280600.0,41.0
501000.0,106.0
395200.0,72.0
299368.0,90.0
626700.0,138.0
154900.0,27.0
218500.0,35.0
308700.0,42.0
299368.0,90.0
264300.0,67.0
228100.0,32.0
26000.0,14.0
336900.0,55.0
197100.0,67.0
460100.0,100.0
292000.0,50.0
155000.0,38.0
204600.0,39.0
192600.0,46.0
622081.0,135.0
340333.0,63.0
638000.0,120.0
261717.0,44.0
326800.0,107.0
340333.0,63.0
399600.0,109.0
570000.0,157.0
53900.0,12.0
390700.0,85.0
199300.0,46.0
541200.0,118.0
1082600.0,206.0
256300.0,41.0
252600.0,70.0
579000.0,116.0
572100.0,74.0
143000.0,34.0
355300.0,57.0
479400.0,109.0
628200.0,146.0
784200.0,115.0
120000.0,32.0
120200.0,37.0
10700.0,10.0
608152.0,126.0
199300.0,46.0
898800.0,150.0
432900.0,87.0
458600.0,148.0
4500.0,4.0
20400.0,2.0
35500.0,18.0
268422.0,47.0
697100.0,163.0
199300.0,46.0
919000.0,181.0
324500.0,72.0
240200.0,47.0
232600.0,49.0
1062900.0,189.0
581700.0,116.0
500.0,1.0
172600.0,29.0
492700.0,125.0
301000.0,55.0
176300.0,44.0
252000.0,47.0
132900.0,28.0
659200.0,153.0
331300.0,58.0
879900.0,162.0
367500.0,80.0
529900.0,98.0
161500.0,60.0
781600.0,149.0
743400.0,110.0
301500.0,68.0
77300.0,10.0
334400.0,109.0
966400.0,233.0
242400.0,40.0
180300.0,51.0
24000.0,12.0
401483.0,115.0
608152.0,126.0
199300.0,46.0
8900.0,7.0
162400.0,23.0
433500.0,138.0
331300.0,58.0
929500.0,175.0
448000.0,99.0
206800.0,51.0
415500.0,133.0
385000.0,110.0
257300.0,45.0
326500.0,91.0
200500.0,38.0
383700.0,150.0
456600.0,115.0
300.0,1.0
3500.0,2.0
388300.0,53.0
477000.0,126.0
543200.0,105.0
307300.0,50.0
109500.0,23.0
502000.0,92.0
231700.0,83.0
529000.0,87.0
90000.0,14.0
94500.0,14.0
426000.0,55.0
637300.0,151.0
331300.0,58.0
259600.0,62.0
118500.0,24.0
265300.0,40.0
451900.0,131.0
331300.0,58.0
799000.0,129.0
43000.0,19.0
397100.0,53.0
447200.0,129.0
331300.0,58.0
843100.0,164.0
55500.0,11.0
268422.0,47.0
392800.0,99.0
331300.0,58.0
474100.0,115.0
127300.0,34.0
500.0,1.0
177900.0,59.0
331300.0,58.0
547800.0,126.0
123000.0,21.0
344200.0,74.0
418000.0,107.0
331300.0,58.0
553500.0,139.0
273000.0,55.0
450100.0,71.0
420400.0,122.0
331300.0,58.0
604100.0,114.0
348000.0,71.0
206400.0,25.0
376500.0,135.0
331300.0,58.0
655100.0,130.0
714500.0,151.0
395300.0,61.0
407900.0,116.0
567500.0,123.0
100.0,1.0
102500.0,15.0
550900.0,97.0
394900.0,125.0
199300.0,46.0
554800.0,112.0
71900.0,23.0
327500.0,81.0
352600.0,135.0
287600.0,93.0
11000.0,1.0
293000.0,118.0
28600.0,6.0
425300.0,141.0
548300.0,147.0
298800.0,52.0
60000.0,14.0
268422.0,47.0
476200.0,136.0
561600.0,111.0
131300.0,35.0
91700.0,20.0
268422.0,47.0
554700.0,143.0
873300.0,148.0
354000.0,53.0
449500.0,75.0
407800.0,67.0
577600.0,149.0
275930.0,59.0
740600.0,142.0
637200.0,124.0
216100.0,31.0
318600.0,77.0
374774.0,68.0
662400.0,136.0
699800.0,120.0
523600.0,75.0
569100.0,152.0
814800.0,158.0
365600.0,56.0
129100.0,39.0
856100.0,132.0
399900.0,104.0
706744.0,138.0
682000.0,97.0
736400.0,170.0
411700.0,69.0
602200.0,149.0
485000.0,96.0
319700.0,63.0
141400.0,35.0
356552.0,59.0
702400.0,167.0
275930.0,59.0
915700.0,160.0
231500.0,57.0
448300.0,55.0
402200.0,138.0
275930.0,59.0
745300.0,121.0
33600.0,6.0
141100.0,15.0
518300.0,99.0
679800.0,147.0
223300.0,57.0
546500.0,96.0
3000.0,1.0
327200.0,83.0
868800.0,154.0
800.0,1.0
358000.0,79.0
304500.0,69.0
337100.0,107.0
304900.0,67.0
104700.0,15.0
333000.0,105.0
356552.0,59.0
415114.0,115.0
706744.0,138.0
374774.0,68.0
275930.0,59.0
356552.0,59.0
415114.0,115.0
706744.0,138.0
374774.0,68.0
275930.0,59.0
356552.0,59.0
382600.0,112.0
812900.0,144.0
406600.0,94.0
209000.0,45.0
4000.0,1.0
487100.0,106.0
762400.0,169.0
689100.0,110.0
206500.0,31.0
356552.0,59.0
406500.0,105.0
730100.0,134.0
114400.0,22.0
426000.0,75.0
25500.0,10.0
200700.0,53.0
412500.0,94.0
136500.0,37.0
17000.0,4.0
276000.0,62.0
271900.0,87.0
1001300.0,152.0
471400.0,80.0
29500.0,11.0
138000.0,21.0
379300.0,133.0
556500.0,128.0
386800.0,77.0
475500.0,100.0
205300.0,37.0
259900.0,87.0
707300.0,129.0
515200.0,76.0
287200.0,69.0
841200.0,121.0
381600.0,108.0
812600.0,138.0
171100.0,41.0
223500.0,44.0
491500.0,83.0
455400.0,124.0
737100.0,147.0
334600.0,75.0
127500.0,22.0
427400.0,83.0
442800.0,115.0
463300.0,109.0
367400.0,69.0
137000.0,34.0
512900.0,81.0
339600.0,109.0
699600.0,130.0
331900.0,58.0
6000.0,3.0
439000.0,70.0
402900.0,129.0
275930.0,59.0
762800.0,129.0
375600.0,64.0
129900.0,32.0
272700.0,130.0
275930.0,59.0
468700.0,123.0
409500.0,58.0
539100.0,90.0
517200.0,136.0
798800.0,172.0
566100.0,85.0
305500.0,58.0
547400.0,100.0
406500.0,115.0
876700.0,171.0
390400.0,82.0
103000.0,35.0
645400.0,109.0
567100.0,139.0
641600.0,139.0
904200.0,153.0
316000.0,72.0
96100.0,14.0
324800.0,110.0
648900.0,149.0
515000.0,84.0
289000.0,65.0
282900.0,56.0
370000.0,88.0
971700.0,177.0
434700.0,85.0
244000.0,56.0
221600.0,52.0
368271.0,98.0
229604.0,49.0
92000.0,63.0
530800.0,129.0
172100.0,37.0
576000.0,161.0
229604.0,49.0
719000.0,141.0
423200.0,64.0
408900.0,54.0
926100.0,171.0
563292.0,108.0
760900.0,140.0
108500.0,33.0
281700.0,46.0
217500.0,79.0
716054.0,144.0
566900.0,120.0
694900.0,226.0
228600.0,40.0
630200.0,150.0
716054.0,144.0
591500.0,95.0
3800.0,3.0
127100.0,34.0
412000.0,115.0
642600.0,146.0
350200.0,69.0
77500.0,28.0
107900.0,24.0
502000.0,142.0
716054.0,144.0
229604.0,49.0
714300.0,146.0
281300.0,28.0
299600.0,71.0
679500.0,151.0
717200.0,105.0
436000.0,75.0
319408.0,55.0
145200.0,35.0
563292.0,108.0
1011100.0,195.0
118100.0,24.0
309100.0,43.0
198500.0,86.0
338500.0,82.0
833100.0,169.0
523000.0,134.0
319408.0,55.0
368271.0,98.0
716054.0,144.0
563292.0,108.0
229604.0,49.0
319408.0,55.0
368271.0,98.0
716054.0,144.0
563292.0,108.0
229604.0,49.0
309400.0,43.0
580200.0,137.0
901500.0,170.0
441100.0,107.0
175400.0,32.0
297400.0,48.0
326300.0,86.0
821000.0,170.0
409600.0,79.0
401500.0,76.0
298000.0,63.0
407400.0,132.0
948700.0,158.0
488500.0,98.0
23500.0,6.0
386900.0,79.0
157400.0,86.0
437500.0,124.0
581800.0,103.0
143000.0,34.0
292900.0,54.0
260200.0,93.0
1152300.0,194.0
775900.0,112.0
208500.0,30.0
565000.0,96.0
108400.0,54.0
229604.0,49.0
761100.0,150.0
718900.0,113.0
412500.0,64.0
408400.0,102.0
716054.0,144.0
630900.0,104.0
470500.0,67.0
619600.0,103.0
516900.0,119.0
769400.0,136.0
549800.0,95.0
267000.0,57.0
666000.0,83.0
352300.0,77.0
462400.0,94.0
239900.0,54.0
112000.0,10.0
124500.0,15.0
475500.0,130.0
821800.0,152.0
459800.0,72.0
38000.0,12.0
382800.0,63.0
342800.0,96.0
650300.0,156.0
677400.0,175.0
211000.0,63.0
498800.0,88.0
253800.0,76.0
1126300.0,176.0
730400.0,150.0
356000.0,74.0
505000.0,96.0
410000.0,107.0
848800.0,163.0
567500.0,104.0
173700.0,47.0
215100.0,40.0
607600.0,119.0
940800.0,198.0
623900.0,110.0
379200.0,54.0
308900.0,63.0
469300.0,129.0
716054.0,144.0
563292.0,108.0
287400.0,45.0
100700.0,28.0
163400.0,24.0
728500.0,163.0
820600.0,198.0
47000.0,5.0
319408.0,55.0
247100.0,72.0
229604.0,49.0
295900.0,78.0
374800.0,109.0
182800.0,40.0
316500.0,103.0
253300.0,69.0
278000.0,53.0
23900.0,9.0
319408.0,55.0
1000.0,1.0
1022100.0,196.0
549600.0,82.0
231100.0,43.0
343600.0,53.0
423600.0,131.0
105876.0,27.0
1031800.0,170.0
641400.0,127.0
217700.0,40.0
618400.0,150.0
143405.0,36.0
783000.0,154.0
68100.0,16.0
468000.0,78.0
567600.0,161.0
105876.0,27.0
590300.0,141.0
690800.0,70.0
177700.0,39.0
472600.0,150.0
827600.0,182.0
145200.0,17.0
409400.0,114.0
365900.0,67.0
420600.0,100.0
867800.0,187.0
422800.0,73.0
251700.0,56.0
524800.0,79.0
355900.0,96.0
105876.0,27.0
61500.0,14.0
550800.0,95.0
118033.0,22.0
477900.0,117.0
556800.0,130.0
279500.0,53.0
94500.0,12.0
118033.0,22.0
280500.0,69.0
909400.0,165.0
189000.0,35.0
361000.0,89.0
118033.0,22.0
489900.0,152.0
143405.0,36.0
503900.0,117.0
95500.0,25.0
118033.0,22.0
48600.0,36.0
443436.0,94.0
143405.0,36.0
439500.0,81.0
118033.0,22.0
8000.0,4.0
443436.0,94.0
105876.0,27.0
1500.0,2.0
118033.0,22.0
190968.0,60.0
443436.0,94.0
143405.0,36.0
105876.0,27.0
118033.0,22.0
270500.0,145.0
143405.0,36.0
105876.0,27.0
7000.0,1.0
118033.0,22.0
200.0,1.0
443436.0,94.0
105876.0,27.0
100.0,1.0
118033.0,22.0
150900.0,76.0
443436.0,94.0
143405.0,36.0
105876.0,27.0
118033.0,22.0
18600.0,10.0
443436.0,94.0
143405.0,36.0
105876.0,27.0
1300.0,3.0
9000.0,4.0
443436.0,94.0
105876.0,27.0
2000.0,1.0
4500.0,6.0
10000.0,5.0
443436.0,94.0
105876.0,27.0
3800.0,7.0
100.0,1.0
41500.0,17.0
443436.0,94.0
16100.0,13.0
5000.0,3.0
118033.0,22.0
22500.0,15.0
443436.0,94.0
13700.0,17.0
4800.0,5.0
1800.0,4.0
190968.0,60.0
443436.0,94.0
105876.0,27.0
9600.0,14.0
1700.0,4.0
2100.0,2.0
143405.0,36.0
30000.0,19.0
1000.0,1.0
1000.0,3.0
6600.0,5.0
443436.0,94.0
11600.0,16.0
1500.0,2.0
200.0,1.0
13900.0,8.0
443436.0,94.0
14500.0,24.0
7500.0,13.0
8400.0,8.0
29600.0,19.0
443436.0,94.0
23000.0,30.0
25100.0,19.0
2100.0,4.0
190968.0,60.0
443436.0,94.0
34500.0,43.0
4000.0,5.0
2500.0,5.0
190968.0,60.0
443436.0,94.0
105876.0,27.0
30400.0,49.0
3100.0,3.0
3500.0,4.0
100.0,1.0
23600.0,38.0
12400.0,9.0
200.0,1.0
190968.0,60.0
30700.0,20.0
19600.0,23.0
2400.0,3.0
118033.0,22.0
31700.0,22.0
8200.0,9.0
31400.0,35.0
16500.0,13.0
743700.0,134.0
456700.0,124.0
199138.0,44.0
811100.0,165.0
745600.0,117.0
18300.0,7.0
571500.0,151.0
283879.0,59.0
785800.0,156.0
180200.0,48.0
566600.0,111.0
545500.0,165.0
780100.0,161.0
702100.0,145.0
122500.0,46.0
332100.0,51.0
632300.0,163.0
773100.0,151.0
350500.0,60.0
179700.0,47.0
322400.0,68.0
319200.0,113.0
600500.0,151.0
189400.0,32.0
1900.0,5.0
152300.0,29.0
437500.0,121.0
760188.0,149.0
199138.0,44.0
502100.0,131.0
306486.0,58.0
609600.0,127.0
585100.0,120.0
274200.0,36.0
265500.0,39.0
306486.0,58.0
439300.0,98.0
757100.0,119.0
365900.0,51.0
366000.0,88.0
306486.0,58.0
571700.0,137.0
988700.0,172.0
26700.0,10.0
424300.0,55.0
10000.0,4.0
461240.0,122.0
760188.0,149.0
698500.0,149.0
53000.0,20.0
306486.0,58.0
29100.0,18.0
760188.0,149.0
199138.0,44.0
500.0,1.0
306486.0,58.0
461240.0,122.0
760188.0,149.0
283879.0,59.0
199138.0,44.0
306486.0,58.0
461240.0,122.0
760188.0,149.0
283879.0,59.0
199138.0,44.0
306486.0,58.0
461240.0,122.0
760188.0,149.0
283879.0,59.0
199138.0,44.0
306486.0,58.0
461240.0,122.0
760188.0,149.0
283879.0,59.0
199138.0,44.0
306486.0,58.0
461240.0,122.0
760188.0,149.0
283879.0,59.0
199138.0,44.0
306486.0,58.0
461240.0,122.0
760188.0,149.0
283879.0,59.0
199138.0,44.0
306486.0,58.0
461240.0,122.0
760188.0,149.0
283879.0,59.0
199138.0,44.0
306486.0,58.0
461240.0,122.0
760188.0,149.0
283879.0,59.0
199138.0,44.0
306486.0,58.0
461240.0,122.0
760188.0,149.0
283879.0,59.0
199138.0,44.0
306486.0,58.0
461240.0,122.0
760188.0,149.0
283879.0,59.0
199138.0,44.0
306486.0,58.0
461240.0,122.0
760188.0,149.0
283879.0,59.0
199138.0,44.0
306486.0,58.0
461240.0,122.0
760188.0,149.0
283879.0,59.0
199138.0,44.0
306486.0,58.0
461240.0,122.0
760188.0,149.0
283879.0,59.0
199138.0,44.0
306486.0,58.0
461240.0,122.0
760188.0,149.0
283879.0,59.0
199138.0,44.0
306486.0,58.0
461240.0,122.0
760188.0,149.0
283879.0,59.0
199138.0,44.0
306486.0,58.0
461240.0,122.0
760188.0,149.0
283879.0,59.0
199138.0,44.0
306486.0,58.0
461240.0,122.0
760188.0,149.0
199138.0,44.0
20700.0,20.0
306486.0,58.0
461240.0,122.0
760188.0,149.0
199138.0,44.0
39400.0,25.0
306486.0,58.0
461240.0,122.0
760188.0,149.0
199138.0,44.0
21400.0,17.0
306486.0,58.0
461240.0,122.0
760188.0,149.0
199138.0,44.0
37300.0,29.0
206432.0,47.0
218295.0,71.0
421938.0,101.0
209444.0,59.0
500.0,1.0
339000.0,64.0
412700.0,128.0
421938.0,101.0
220100.0,37.0
99600.0,15.0
23300.0,6.0
156000.0,46.0
421938.0,101.0
42400.0,9.0
31000.0,4.0
206432.0,47.0
131200.0,37.0
211138.0,46.0
209444.0,59.0
459000.0,144.0
206432.0,47.0
451500.0,129.0
421938.0,101.0
502300.0,82.0
65500.0,34.0
493600.0,77.0
637900.0,131.0
421938.0,101.0
786800.0,96.0
473000.0,76.0
177400.0,28.0
508700.0,131.0
421938.0,101.0
950600.0,150.0
104400.0,50.0
817800.0,130.0
425300.0,124.0
211138.0,46.0
701500.0,140.0
255000.0,49.0
399300.0,63.0
218295.0,71.0
421938.0,101.0
500200.0,84.0
245800.0,67.0
206432.0,47.0
218295.0,71.0
421938.0,101.0
211138.0,46.0
209444.0,59.0
206432.0,47.0
218295.0,71.0
421938.0,101.0
211138.0,46.0
209444.0,59.0
206432.0,47.0
218295.0,71.0
421938.0,101.0
211138.0,46.0
209444.0,59.0
101400.0,48.0
218295.0,71.0
421938.0,101.0
209444.0,59.0
122900.0,58.0
104500.0,46.0
218295.0,71.0
421938.0,101.0
209444.0,59.0
33000.0,20.0
30000.0,10.0
218295.0,71.0
421938.0,101.0
209444.0,59.0
4800.0,4.0
74100.0,25.0
218295.0,71.0
421938.0,101.0
209444.0,59.0
117700.0,56.0
350600.0,86.0
500.0,1.0
421938.0,101.0
209444.0,59.0
61400.0,16.0
353300.0,96.0
4800.0,3.0
421938.0,101.0
209444.0,59.0
230500.0,59.0
75300.0,26.0
11700.0,7.0
421938.0,101.0
209444.0,59.0
46500.0,30.0
296600.0,56.0
117600.0,47.0
6000.0,2.0
190300.0,70.0
6100.0,6.0
69800.0,15.0
124300.0,48.0
471300.0,124.0
32000.0,5.0
351000.0,103.0
5000.0,7.0
120100.0,57.0
421938.0,101.0
211138.0,46.0
209444.0,59.0
21700.0,14.0
147200.0,65.0
209444.0,59.0
587200.0,106.0
156700.0,42.0
20300.0,19.0
166700.0,69.0
421938.0,101.0
209444.0,59.0
66800.0,22.0
168700.0,57.0
116300.0,57.0
620700.0,146.0
91900.0,33.0
347900.0,117.0
88200.0,19.0
146800.0,62.0
421938.0,101.0
6000.0,2.0
111000.0,52.0
276400.0,57.0
215300.0,78.0
421938.0,101.0
70100.0,25.0
245300.0,69.0
374200.0,84.0
176300.0,73.0
421938.0,101.0
127100.0,36.0
355400.0,94.0
119900.0,30.0
232900.0,88.0
211138.0,46.0
42300.0,13.0
338300.0,136.0
48800.0,25.0
228800.0,75.0
487500.0,133.0
172800.0,46.0
206900.0,43.0
331600.0,79.0
269900.0,97.0
421938.0,101.0
533900.0,126.0
114900.0,28.0
220161.0,46.0
319106.0,90.0
573433.0,129.0
317805.0,108.0
42400.0,26.0
135000.0,25.0
554500.0,151.0
573433.0,129.0
317805.0,108.0
65100.0,18.0
3000.0,1.0
515000.0,110.0
573433.0,129.0
317805.0,108.0
225500.0,32.0
220161.0,46.0
361300.0,103.0
67300.0,16.0
1042300.0,160.0
225300.0,72.0
84200.0,26.0
533700.0,145.0
573433.0,129.0
837600.0,126.0
183200.0,59.0
220161.0,46.0
570900.0,149.0
573433.0,129.0
665900.0,98.0
285100.0,70.0
220161.0,46.0
574400.0,150.0
510900.0,129.0
704500.0,131.0
127200.0,51.0
1003800.0,174.0
371800.0,82.0
380600.0,55.0
81700.0,13.0
315200.0,69.0
324300.0,54.0
517700.0,135.0
573433.0,129.0
1180900.0,209.0
467600.0,104.0
220161.0,46.0
319106.0,90.0
573433.0,129.0
314050.0,56.0
317805.0,108.0
220161.0,46.0
319106.0,90.0
573433.0,129.0
314050.0,56.0
317805.0,108.0
220161.0,46.0
319106.0,90.0
573433.0,129.0
314050.0,56.0
317805.0,108.0
220161.0,46.0
319106.0,90.0
520500.0,110.0
508100.0,126.0
327400.0,121.0
166100.0,36.0
319106.0,90.0
845500.0,219.0
250200.0,52.0
335700.0,114.0
253400.0,65.0
319106.0,90.0
573433.0,129.0
130600.0,35.0
296800.0,114.0
101600.0,18.0
319106.0,90.0
555000.0,143.0
263800.0,46.0
311900.0,126.0
220161.0,46.0
319106.0,90.0
748200.0,157.0
10900.0,3.0
255900.0,135.0
4800.0,2.0
128600.0,50.0
573433.0,129.0
66500.0,18.0
553800.0,152.0
4500.0,2.0
228000.0,73.0
614100.0,141.0
40600.0,11.0
95500.0,36.0
259300.0,64.0
293300.0,86.0
671200.0,162.0
173100.0,39.0
332000.0,127.0
571800.0,111.0
189300.0,40.0
707100.0,169.0
167700.0,26.0
159000.0,107.0
537400.0,132.0
319106.0,90.0
661100.0,166.0
137600.0,22.0
520600.0,187.0
243800.0,50.0
25000.0,11.0
686300.0,148.0
374900.0,65.0
689200.0,167.0
181000.0,27.0
162000.0,70.0
631100.0,134.0
20900.0,5.0
197200.0,70.0
60900.0,20.0
204700.0,80.0
573433.0,129.0
50600.0,9.0
218900.0,80.0
220161.0,46.0
294300.0,97.0
314050.0,56.0
640000.0,119.0
241000.0,125.0
4000.0,4.0
203300.0,78.0
362600.0,70.0
464300.0,62.0
394600.0,124.0
24000.0,13.0
16100.0,3.0
573433.0,129.0
31500.0,7.0
458600.0,171.0
281725.0,57.0
289823.0,76.0
565469.0,125.0
254654.0,74.0
35200.0,20.0
132200.0,19.0
372800.0,99.0
565469.0,125.0
254654.0,74.0
52100.0,12.0
18300.0,9.0
286200.0,79.0
254654.0,74.0
673200.0,140.0
7000.0,2.0
353300.0,59.0
289823.0,76.0
333976.0,60.0
254654.0,74.0
46900.0,13.0
324400.0,70.0
681500.0,167.0
565469.0,125.0
333976.0,60.0
195500.0,59.0
281725.0,57.0
434400.0,92.0
565469.0,125.0
333976.0,60.0
449100.0,118.0
8500.0,4.0
241200.0,56.0
1017700.0,171.0
732000.0,108.0
414700.0,100.0
770400.0,143.0
364600.0,105.0
357100.0,85.0
330900.0,57.0
382100.0,103.0
219300.0,57.0
502300.0,127.0
390900.0,79.0
971400.0,206.0
49600.0,9.0
281725.0,57.0
289823.0,76.0
565469.0,125.0
333976.0,60.0
254654.0,74.0
281725.0,57.0
289823.0,76.0
565469.0,125.0
333976.0,60.0
254654.0,74.0
281725.0,57.0
289823.0,76.0
565469.0,125.0
333976.0,60.0
254654.0,74.0
281725.0,57.0
109100.0,29.0
565469.0,125.0
333976.0,60.0
389400.0,85.0
86400.0,32.0
288500.0,99.0
565469.0,125.0
400.0,1.0
277600.0,52.0
597700.0,99.0
334500.0,80.0
565469.0,125.0
333976.0,60.0
208600.0,45.0
235500.0,63.0
209900.0,35.0
565469.0,125.0
333976.0,60.0
354500.0,78.0
684400.0,109.0
39600.0,7.0
808200.0,194.0
232900.0,28.0
408400.0,154.0
530900.0,106.0
12800.0,6.0
940600.0,217.0
305900.0,53.0
226300.0,61.0
281725.0,57.0
215000.0,80.0
565469.0,125.0
32900.0,9.0
52100.0,48.0
141800.0,45.0
141600.0,36.0
565469.0,125.0
512400.0,84.0
158100.0,67.0
141300.0,28.0
60100.0,16.0
593400.0,137.0
310600.0,43.0
148000.0,54.0
189400.0,60.0
287300.0,79.0
407600.0,109.0
186600.0,45.0
257900.0,54.0
329900.0,69.0
275000.0,82.0
640800.0,159.0
633700.0,105.0
211000.0,68.0
400700.0,65.0
133800.0,53.0
631900.0,161.0
402100.0,69.0
202300.0,63.0
341800.0,57.0
255400.0,79.0
820800.0,159.0
29100.0,7.0
245500.0,76.0
76700.0,19.0
139400.0,47.0
22000.0,3.0
97300.0,37.0
61100.0,40.0
51600.0,23.0
154900.0,63.0
565469.0,125.0
387900.0,82.0
357700.0,112.0
281725.0,57.0
441000.0,139.0
565469.0,125.0
397600.0,71.0
70000.0,19.0
281725.0,57.0
515400.0,107.0
565469.0,125.0
333976.0,60.0
461300.0,140.0
281725.0,57.0
457500.0,110.0
565469.0,125.0
438600.0,85.0
200200.0,77.0
281725.0,57.0
581600.0,115.0
565469.0,125.0
916900.0,135.0
330700.0,82.0
242686.0,49.0
356669.0,98.0
517223.0,116.0
239408.0,68.0
77900.0,34.0
141700.0,45.0
42900.0,15.0
517223.0,116.0
239408.0,68.0
302000.0,69.0
151800.0,54.0
253500.0,74.0
517223.0,116.0
237800.0,21.0
2000.0,1.0
351000.0,71.0
300600.0,86.0
239408.0,68.0
536100.0,121.0
671400.0,105.0
284200.0,51.0
148400.0,59.0
517223.0,116.0
523826.0,90.0
267200.0,59.0
242686.0,49.0
544200.0,111.0
173000.0,47.0
717500.0,128.0
181600.0,95.0
43300.0,6.0
287300.0,72.0
743100.0,156.0
482300.0,58.0
252000.0,55.0
562200.0,111.0
385200.0,124.0
758400.0,168.0
297000.0,46.0
225400.0,55.0
362000.0,78.0
358000.0,100.0
517223.0,116.0
523826.0,90.0
384700.0,110.0
242686.0,49.0
356669.0,98.0
517223.0,116.0
523826.0,90.0
239408.0,68.0
242686.0,49.0
356669.0,98.0
517223.0,116.0
523826.0,90.0
239408.0,68.0
242686.0,49.0
356669.0,98.0
517223.0,116.0
523826.0,90.0
239408.0,68.0
442400.0,71.0
324100.0,79.0
517223.0,116.0
485200.0,83.0
477400.0,122.0
47700.0,17.0
447700.0,125.0
517223.0,116.0
605200.0,97.0
494200.0,123.0
336100.0,67.0
430800.0,123.0
517223.0,116.0
1211400.0,186.0
299000.0,66.0
410700.0,70.0
357700.0,115.0
517223.0,116.0
777800.0,174.0
200400.0,60.0
17600.0,10.0
350000.0,117.0
517223.0,116.0
703200.0,108.0
202800.0,68.0
242686.0,49.0
349300.0,100.0
565200.0,111.0
420800.0,81.0
307900.0,94.0
242686.0,49.0
445200.0,114.0
5100.0,2.0
553600.0,97.0
229200.0,74.0
242686.0,49.0
364600.0,100.0
818800.0,150.0
377200.0,70.0
201700.0,52.0
242686.0,49.0
454700.0,117.0
517223.0,116.0
347000.0,77.0
182200.0,55.0
242686.0,49.0
283500.0,75.0
517223.0,116.0
544700.0,93.0
449400.0,87.0
242686.0,49.0
297900.0,94.0
159100.0,41.0
301500.0,70.0
95400.0,44.0
242686.0,49.0
230200.0,77.0
517223.0,116.0
523826.0,90.0
179400.0,65.0
242686.0,49.0
327200.0,101.0
756700.0,161.0
271700.0,62.0
183400.0,55.0
38700.0,5.0
320100.0,94.0
782300.0,211.0
1045500.0,138.0
352800.0,101.0
208200.0,36.0
366300.0,93.0
688300.0,194.0
617600.0,84.0
307100.0,88.0
242686.0,49.0
565200.0,132.0
152200.0,30.0
578600.0,93.0
57400.0,28.0
242686.0,49.0
528200.0,125.0
523826.0,90.0
585600.0,113.0
128800.0,43.0
242686.0,49.0
510600.0,129.0
517223.0,116.0
421100.0,103.0
84400.0,32.0
305262.0,55.0
374563.0,96.0
430500.0,107.0
291096.0,75.0
151800.0,69.0
97900.0,28.0
50000.0,4.0
430500.0,107.0
523538.0,83.0
291096.0,75.0
573300.0,101.0
309200.0,69.0
291096.0,75.0
511500.0,139.0
100.0,1.0
567900.0,76.0
636200.0,149.0
430500.0,107.0
793800.0,131.0
768300.0,186.0
385700.0,63.0
423700.0,122.0
430500.0,107.0
468500.0,72.0
256200.0,72.0
305262.0,55.0
641800.0,140.0
430500.0,107.0
523538.0,83.0
398600.0,95.0
63500.0,10.0
279500.0,49.0
430500.0,107.0
291096.0,75.0
499600.0,68.0
305262.0,55.0
227500.0,66.0
739100.0,137.0
187500.0,35.0
505000.0,117.0
532000.0,91.0
607400.0,121.0
430500.0,107.0
405900.0,59.0
406800.0,104.0
305262.0,55.0
374563.0,96.0
430500.0,107.0
523538.0,83.0
291096.0,75.0
305262.0,55.0
374563.0,96.0
430500.0,107.0
523538.0,83.0
291096.0,75.0
305262.0,55.0
374563.0,96.0
430500.0,107.0
523538.0,83.0
291096.0,75.0
416300.0,54.0
292000.0,78.0
430500.0,107.0
263100.0,52.0
293300.0,72.0
305262.0,55.0
465100.0,135.0
12000.0,3.0
19300.0,8.0
63700.0,41.0
189000.0,42.0
477500.0,139.0
430500.0,107.0
359400.0,56.0
201300.0,52.0
305262.0,55.0
217000.0,54.0
430500.0,107.0
354600.0,62.0
270500.0,85.0
305262.0,55.0
335500.0,98.0
533300.0,134.0
727800.0,95.0
161400.0,49.0
119500.0,15.0
462500.0,96.0
430500.0,107.0
265900.0,55.0
224400.0,56.0
305262.0,55.0
330500.0,90.0
430500.0,107.0
574200.0,108.0
270000.0,57.0
48600.0,21.0
508200.0,120.0
430500.0,107.0
434400.0,54.0
104000.0,68.0
195300.0,63.0
308800.0,92.0
430500.0,107.0
526200.0,106.0
28400.0,27.0
143700.0,33.0
334000.0,90.0
430500.0,107.0
873900.0,119.0
195700.0,56.0
429900.0,51.0
249500.0,77.0
632700.0,167.0
772200.0,89.0
365900.0,83.0
463700.0,62.0
412000.0,95.0
430500.0,107.0
746500.0,98.0
595800.0,127.0
304500.0,46.0
377300.0,89.0
430500.0,107.0
924000.0,116.0
280400.0,68.0
275400.0,63.0
254600.0,93.0
430500.0,107.0
462200.0,79.0
222000.0,49.0
271100.0,82.0
426400.0,95.0
430500.0,107.0
735400.0,109.0
221600.0,48.0
305400.0,50.0
271200.0,98.0
116200.0,42.0
1092400.0,218.0
228700.0,69.0
534700.0,94.0
228300.0,91.0
468700.0,129.0
867400.0,145.0
210500.0,54.0
243600.0,50.0
531200.0,128.0
430500.0,107.0
491800.0,80.0
247000.0,59.0
249500.0,69.0
456300.0,121.0
430500.0,107.0
614100.0,78.0
466800.0,96.0
194808.0,35.0
340512.0,95.0
556500.0,125.0
208036.0,67.0
22000.0,19.0
31100.0,11.0
15200.0,3.0
208036.0,67.0
694000.0,135.0
41000.0,8.0
249100.0,56.0
249100.0,79.0
556500.0,125.0
521748.0,84.0
621800.0,150.0
170500.0,23.0
122100.0,35.0
556500.0,125.0
534000.0,90.0
695200.0,173.0
113000.0,30.0
470500.0,118.0
556500.0,125.0
990100.0,146.0
164000.0,47.0
194808.0,35.0
416600.0,106.0
663400.0,132.0
923000.0,160.0
575500.0,168.0
1000.0,1.0
183700.0,49.0
556500.0,125.0
379500.0,66.0
388600.0,84.0
547200.0,120.0
434900.0,129.0
655400.0,116.0
640200.0,91.0
247800.0,86.0
515300.0,80.0
457500.0,136.0
556500.0,125.0
1011400.0,130.0
274800.0,92.0
194808.0,35.0
340512.0,95.0
556500.0,125.0
521748.0,84.0
208036.0,67.0
194808.0,35.0
340512.0,95.0
556500.0,125.0
521748.0,84.0
208036.0,67.0
194808.0,35.0
340512.0,95.0
556500.0,125.0
521748.0,84.0
208036.0,67.0
194808.0,35.0
503600.0,120.0
556500.0,125.0
537800.0,96.0
156800.0,84.0
194808.0,35.0
340512.0,95.0
598900.0,138.0
132200.0,18.0
185000.0,60.0
194808.0,35.0
340512.0,95.0
690600.0,148.0
322800.0,69.0
124400.0,48.0
194808.0,35.0
154700.0,58.0
578600.0,129.0
484800.0,83.0
81600.0,44.0
194808.0,35.0
373900.0,113.0
654400.0,121.0
651900.0,121.0
115000.0,59.0
194808.0,35.0
239700.0,89.0
445800.0,132.0
413300.0,78.0
35400.0,37.0
194808.0,35.0
456600.0,106.0
622900.0,142.0
260700.0,49.0
80700.0,42.0
194808.0,35.0
444600.0,103.0
549500.0,121.0
399200.0,66.0
138000.0,56.0
194808.0,35.0
445500.0,114.0
316300.0,61.0
885000.0,128.0
170200.0,46.0
35600.0,6.0
491900.0,127.0
556500.0,125.0
568700.0,92.0
123500.0,53.0
260000.0,35.0
381600.0,106.0
309800.0,84.0
791200.0,121.0
72500.0,36.0
105600.0,18.0
356000.0,118.0
778700.0,170.0
421000.0,69.0
117000.0,45.0
12100.0,4.0
213200.0,99.0
455200.0,131.0
92200.0,20.0
83400.0,31.0
194808.0,35.0
108700.0,44.0
591800.0,175.0
186200.0,23.0
211700.0,52.0
440500.0,56.0
281100.0,88.0
532800.0,127.0
537500.0,94.0
70100.0,51.0
51500.0,9.0
321600.0,90.0
293700.0,63.0
688700.0,100.0
125900.0,43.0
194808.0,35.0
583800.0,144.0
585200.0,127.0
1129300.0,163.0
127300.0,42.0
194808.0,35.0
466200.0,115.0
556500.0,125.0
521748.0,84.0
214700.0,57.0
343033.0,64.0
320448.0,89.0
560133.0,124.0
293611.0,76.0
111000.0,52.0
179300.0,58.0
320448.0,89.0
560133.0,124.0
79100.0,31.0
648800.0,183.0
10600.0,3.0
244800.0,55.0
560133.0,124.0
294841.0,53.0
159500.0,21.0
308600.0,50.0
320448.0,89.0
560133.0,124.0
633900.0,111.0
1213600.0,215.0
200800.0,56.0
333300.0,117.0
588700.0,135.0
37500.0,19.0
101700.0,32.0
343033.0,64.0
427100.0,135.0
560133.0,124.0
819100.0,162.0
856400.0,191.0
343033.0,64.0
515800.0,116.0
642500.0,134.0
359600.0,65.0
556000.0,92.0
978800.0,151.0
326700.0,111.0
305500.0,56.0
201000.0,29.0
567300.0,133.0
707000.0,118.0
355700.0,114.0
560133.0,124.0
342500.0,70.0
161500.0,52.0
343033.0,64.0
320448.0,89.0
560133.0,124.0
294841.0,53.0
293611.0,76.0
343033.0,64.0
320448.0,89.0
560133.0,124.0
294841.0,53.0
293611.0,76.0
343033.0,64.0
320448.0,89.0
560133.0,124.0
294841.0,53.0
293611.0,76.0
51600.0,19.0
165600.0,33.0
790000.0,148.0
413400.0,56.0
90300.0,40.0
343033.0,64.0
368100.0,82.0
505300.0,128.0
349200.0,53.0
174800.0,61.0
135000.0,23.0
452700.0,106.0
876000.0,173.0
579200.0,104.0
265700.0,105.0
1000.0,1.0
307100.0,109.0
294841.0,53.0
438600.0,125.0
138700.0,68.0
343033.0,64.0
268100.0,71.0
783400.0,144.0
311000.0,58.0
182500.0,50.0
343033.0,64.0
469400.0,104.0
549100.0,120.0
372100.0,48.0
317300.0,66.0
106500.0,17.0
106000.0,35.0
257900.0,68.0
263400.0,38.0
135000.0,30.0
343033.0,64.0
259800.0,64.0
483700.0,123.0
103400.0,13.0
147900.0,59.0
5900.0,7.0
462800.0,103.0
550900.0,107.0
358800.0,45.0
163100.0,76.0
255500.0,60.0
379900.0,111.0
294841.0,53.0
987800.0,162.0
211800.0,77.0
300800.0,57.0
236900.0,80.0
294841.0,53.0
184100.0,80.0
170100.0,44.0
340500.0,68.0
274700.0,60.0
532900.0,114.0
96400.0,15.0
124700.0,48.0
42000.0,10.0
187100.0,71.0
692700.0,144.0
122700.0,20.0
190500.0,44.0
284300.0,45.0
331000.0,101.0
326500.0,81.0
103500.0,25.0
230500.0,60.0
862600.0,138.0
289300.0,69.0
523700.0,124.0
324400.0,50.0
300900.0,95.0
582400.0,107.0
257800.0,83.0
586500.0,141.0
459300.0,88.0
230700.0,65.0
558700.0,117.0
300600.0,91.0
765700.0,162.0
46000.0,4.0
292200.0,67.0
431000.0,102.0
267200.0,81.0
294841.0,53.0
391300.0,135.0
195200.0,50.0
860800.0,138.0
423700.0,119.0
560133.0,124.0
294841.0,53.0
100800.0,29.0
414030.0,80.0
375046.0,101.0
555900.0,122.0
265930.0,70.0
80500.0,45.0
382500.0,99.0
375046.0,101.0
555900.0,122.0
12100.0,7.0
410500.0,97.0
414030.0,80.0
252500.0,69.0
495600.0,78.0
265930.0,70.0
843000.0,202.0
348900.0,60.0
375046.0,101.0
169600.0,44.0
1026000.0,181.0
572900.0,132.0
523700.0,108.0
465100.0,101.0
555900.0,122.0
435400.0,93.0
202300.0,73.0
414030.0,80.0
398900.0,106.0
555900.0,122.0
1077400.0,167.0
647900.0,129.0
414030.0,80.0
470500.0,122.0
555900.0,122.0
323000.0,48.0
197100.0,73.0
871400.0,141.0
404300.0,84.0
159800.0,47.0
604200.0,96.0
378600.0,85.0
512800.0,97.0
567700.0,143.0
555900.0,122.0
278000.0,39.0
158200.0,57.0
414030.0,80.0
375046.0,101.0
555900.0,122.0
495600.0,78.0
265930.0,70.0
414030.0,80.0
375046.0,101.0
555900.0,122.0
495600.0,78.0
265930.0,70.0
414030.0,80.0
375046.0,101.0
555900.0,122.0
495600.0,78.0
265930.0,70.0
344200.0,94.0
356900.0,115.0
555900.0,122.0
265930.0,70.0
255200.0,44.0
205400.0,40.0
304700.0,81.0
555900.0,122.0
265930.0,70.0
401400.0,83.0
414030.0,80.0
375046.0,101.0
555900.0,122.0
265930.0,70.0
672200.0,118.0
315100.0,70.0
396800.0,97.0
555900.0,122.0
1132800.0,143.0
105200.0,29.0
455000.0,90.0
401300.0,95.0
555900.0,122.0
205900.0,32.0
376700.0,76.0
248400.0,54.0
455800.0,112.0
338300.0,83.0
271300.0,46.0
466900.0,71.0
680300.0,114.0
392700.0,110.0
746300.0,164.0
468200.0,76.0
291900.0,101.0
339200.0,85.0
215100.0,81.0
459700.0,116.0
100300.0,28.0
183800.0,83.0
554900.0,106.0
227100.0,80.0
586100.0,125.0
447500.0,48.0
54200.0,28.0
616600.0,86.0
572300.0,130.0
671400.0,174.0
558900.0,86.0
121500.0,38.0
537300.0,98.0
331100.0,95.0
541300.0,106.0
339500.0,54.0
303500.0,54.0
483000.0,110.0
510300.0,135.0
617100.0,108.0
754500.0,104.0
204500.0,57.0
162100.0,26.0
68100.0,22.0
594800.0,118.0
442500.0,68.0
72000.0,28.0
157300.0,27.0
403800.0,113.0
189200.0,37.0
473500.0,64.0
216400.0,67.0
176300.0,34.0
349300.0,132.0
555900.0,122.0
495600.0,78.0
139200.0,40.0
410100.0,90.0
233200.0,61.0
690700.0,132.0
739100.0,109.0
238500.0,76.0
318700.0,65.0
260300.0,83.0
789600.0,171.0
763300.0,96.0
200700.0,67.0
276200.0,56.0
443100.0,139.0
495600.0,78.0
941600.0,201.0
287600.0,72.0
603300.0,87.0
520200.0,118.0
555900.0,122.0
527300.0,84.0
286300.0,73.0
2600.0,1.0
394652.0,106.0
576811.0,137.0
286933.0,86.0
34700.0,11.0
155900.0,33.0
1500.0,4.0
403900.0,104.0
3000.0,2.0
380700.0,88.0
542043.0,92.0
327500.0,81.0
576811.0,137.0
537578.0,79.0
286933.0,86.0
323800.0,74.0
394652.0,106.0
543300.0,153.0
118400.0,34.0
507700.0,164.0
767900.0,133.0
596100.0,127.0
576811.0,137.0
193200.0,53.0
106700.0,38.0
542043.0,92.0
282200.0,71.0
576811.0,137.0
871100.0,107.0
258900.0,76.0
542043.0,92.0
324500.0,105.0
537578.0,79.0
389000.0,106.0
184500.0,81.0
939400.0,143.0
327700.0,95.0
440600.0,106.0
590300.0,91.0
315000.0,67.0
682300.0,114.0
552300.0,135.0
576811.0,137.0
633300.0,95.0
341200.0,102.0
542043.0,92.0
394652.0,106.0
576811.0,137.0
537578.0,79.0
286933.0,86.0
542043.0,92.0
394652.0,106.0
576811.0,137.0
537578.0,79.0
286933.0,86.0
542043.0,92.0
394652.0,106.0
576811.0,137.0
537578.0,79.0
286933.0,86.0
849100.0,133.0
437200.0,110.0
696700.0,151.0
810800.0,110.0
367600.0,78.0
811900.0,122.0
376300.0,112.0
753300.0,153.0
795400.0,99.0
385800.0,92.0
462600.0,94.0
386300.0,108.0
556800.0,154.0
611800.0,111.0
189900.0,45.0
631600.0,109.0
474700.0,141.0
832900.0,185.0
435300.0,74.0
197200.0,97.0
486700.0,95.0
331100.0,125.0
489100.0,140.0
281400.0,71.0
328000.0,135.0
580400.0,101.0
454600.0,109.0
906200.0,204.0
217600.0,38.0
141900.0,70.0
548200.0,85.0
382800.0,85.0
590500.0,150.0
303700.0,53.0
398600.0,98.0
452300.0,77.0
120400.0,24.0
398000.0,109.0
769000.0,89.0
308400.0,81.0
609900.0,99.0
341600.0,91.0
847100.0,169.0
893800.0,104.0
312600.0,90.0
429700.0,90.0
558900.0,136.0
337700.0,78.0
606400.0,99.0
337100.0,78.0
659400.0,121.0
394652.0,106.0
576811.0,137.0
583700.0,90.0
251100.0,106.0
342600.0,64.0
401500.0,126.0
270700.0,71.0
291500.0,51.0
182700.0,92.0
466700.0,84.0
513800.0,122.0
755300.0,174.0
1175200.0,146.0
447400.0,91.0
453900.0,68.0
437400.0,131.0
325300.0,110.0
738200.0,91.0
153800.0,59.0
675500.0,100.0
511200.0,130.0
722600.0,149.0
997800.0,117.0
167100.0,63.0
424700.0,68.0
468600.0,137.0
576811.0,137.0
537578.0,79.0
317400.0,87.0
709900.0,117.0
468800.0,137.0
700400.0,143.0
408700.0,76.0
305100.0,79.0
542043.0,92.0
394652.0,106.0
576811.0,137.0
537578.0,79.0
286933.0,86.0
471020.0,95.0
314543.0,86.0
528875.0,113.0
265212.0,77.0
40200.0,21.0
600.0,2.0
2000.0,1.0
344800.0,58.0
395700.0,99.0
492300.0,147.0
471020.0,95.0
207400.0,67.0
344800.0,58.0
734500.0,135.0
131800.0,46.0
667300.0,122.0
314543.0,86.0
528875.0,113.0
344800.0,58.0
648800.0,171.0
762200.0,135.0
462400.0,123.0
528875.0,113.0
139600.0,39.0
134900.0,50.0
471020.0,95.0
294600.0,83.0
528875.0,113.0
597800.0,79.0
124900.0,61.0
471020.0,95.0
413200.0,98.0
528875.0,113.0
665600.0,93.0
214000.0,59.0
511600.0,107.0
362400.0,93.0
776400.0,141.0
493500.0,75.0
292300.0,67.0
413400.0,109.0
459800.0,136.0
208900.0,78.0
132100.0,44.0
82700.0,15.0
471020.0,95.0
314543.0,86.0
528875.0,113.0
344800.0,58.0
265212.0,77.0
471020.0,95.0
314543.0,86.0
528875.0,113.0
344800.0,58.0
265212.0,77.0
471020.0,95.0
314543.0,86.0
528875.0,113.0
344800.0,58.0
265212.0,77.0
471020.0,95.0
314543.0,86.0
528875.0,113.0
344800.0,58.0
265212.0,77.0
471020.0,95.0
314543.0,86.0
528875.0,113.0
344800.0,58.0
265212.0,77.0
471020.0,95.0
314543.0,86.0
528875.0,113.0
344800.0,58.0
265212.0,77.0
471020.0,95.0
314543.0,86.0
528875.0,113.0
344800.0,58.0
265212.0,77.0
471020.0,95.0
314543.0,86.0
528875.0,113.0
344800.0,58.0
265212.0,77.0
471020.0,95.0
314543.0,86.0
528875.0,113.0
344800.0,58.0
265212.0,77.0
471020.0,95.0
314543.0,86.0
528875.0,113.0
344800.0,58.0
265212.0,77.0
471020.0,95.0
314543.0,86.0
528875.0,113.0
344800.0,58.0
265212.0,77.0
471020.0,95.0
314543.0,86.0
528875.0,113.0
344800.0,58.0
265212.0,77.0
471020.0,95.0
314543.0,86.0
528875.0,113.0
344800.0,58.0
265212.0,77.0
471020.0,95.0
314543.0,86.0
528875.0,113.0
344800.0,58.0
265212.0,77.0
471020.0,95.0
314543.0,86.0
528875.0,113.0
344800.0,58.0
265212.0,77.0
471020.0,95.0
314543.0,86.0
528875.0,113.0
344800.0,58.0
265212.0,77.0
471020.0,95.0
314543.0,86.0
528875.0,113.0
344800.0,58.0
265212.0,77.0
471020.0,95.0
314543.0,86.0
528875.0,113.0
344800.0,58.0
265212.0,77.0
471020.0,95.0
314543.0,86.0
528875.0,113.0
344800.0,58.0
265212.0,77.0
471020.0,95.0
314543.0,86.0
528875.0,113.0
344800.0,58.0
265212.0,77.0
471020.0,95.0
314543.0,86.0
528875.0,113.0
344800.0,58.0
265212.0,77.0
471020.0,95.0
314543.0,86.0
528875.0,113.0
344800.0,58.0
265212.0,77.0
241400.0,99.0
468967.0,118.0
559567.0,120.0
333086.0,94.0
74600.0,40.0
450960.0,94.0
468967.0,118.0
333086.0,94.0
96300.0,19.0
20300.0,14.0
450960.0,94.0
468967.0,118.0
559567.0,120.0
444488.0,79.0
362200.0,107.0
530100.0,90.0
415200.0,143.0
462100.0,114.0
202400.0,39.0
648700.0,174.0
651800.0,119.0
477100.0,113.0
569000.0,157.0
557300.0,90.0
770400.0,201.0
450960.0,94.0
580600.0,137.0
637300.0,161.0
626500.0,125.0
184700.0,65.0
450960.0,94.0
476700.0,122.0
747100.0,111.0
342600.0,67.0
217500.0,69.0
362500.0,73.0
567700.0,119.0
845600.0,161.0
895900.0,138.0
67600.0,17.0
469000.0,90.0
296500.0,75.0
559567.0,120.0
836300.0,122.0
80500.0,22.0
450960.0,94.0
468967.0,118.0
559567.0,120.0
444488.0,79.0
333086.0,94.0
450960.0,94.0
468967.0,118.0
559567.0,120.0
444488.0,79.0
333086.0,94.0
450960.0,94.0
468967.0,118.0
559567.0,120.0
444488.0,79.0
333086.0,94.0
450960.0,94.0
468967.0,118.0
559567.0,120.0
444488.0,79.0
333086.0,94.0
450960.0,94.0
468967.0,118.0
559567.0,120.0
444488.0,79.0
333086.0,94.0
450960.0,94.0
468967.0,118.0
559567.0,120.0
444488.0,79.0
333086.0,94.0
450960.0,94.0
468967.0,118.0
559567.0,120.0
444488.0,79.0
333086.0,94.0
450960.0,94.0
468967.0,118.0
559567.0,120.0
444488.0,79.0
333086.0,94.0
450960.0,94.0
468967.0,118.0
559567.0,120.0
444488.0,79.0
333086.0,94.0
450960.0,94.0
468967.0,118.0
559567.0,120.0
444488.0,79.0
333086.0,94.0
450960.0,94.0
468967.0,118.0
559567.0,120.0
444488.0,79.0
333086.0,94.0
450960.0,94.0
468967.0,118.0
559567.0,120.0
444488.0,79.0
333086.0,94.0
450960.0,94.0
468967.0,118.0
559567.0,120.0
444488.0,79.0
333086.0,94.0
450960.0,94.0
468967.0,118.0
559567.0,120.0
444488.0,79.0
333086.0,94.0
450960.0,94.0
468967.0,118.0
559567.0,120.0
444488.0,79.0
333086.0,94.0
450960.0,94.0
468967.0,118.0
559567.0,120.0
444488.0,79.0
333086.0,94.0
450960.0,94.0
468967.0,118.0
559567.0,120.0
444488.0,79.0
333086.0,94.0
450960.0,94.0
468967.0,118.0
559567.0,120.0
444488.0,79.0
333086.0,94.0
450960.0,94.0
468967.0,118.0
559567.0,120.0
444488.0,79.0
333086.0,94.0
450960.0,94.0
468967.0,118.0
559567.0,120.0
444488.0,79.0
333086.0,94.0
450960.0,94.0
468967.0,118.0
559567.0,120.0
444488.0,79.0
333086.0,94.0
134600.0,43.0
418271.0,105.0
346800.0,85.0
206171.0,70.0
316200.0,124.0
319750.0,67.0
418271.0,105.0
346800.0,85.0
577514.0,98.0
138400.0,53.0
319750.0,67.0
241900.0,85.0
346800.0,85.0
577514.0,98.0
147000.0,77.0
212100.0,67.0
454400.0,128.0
346800.0,85.0
651900.0,95.0
349600.0,105.0
492000.0,85.0
441900.0,96.0
346800.0,85.0
221800.0,46.0
359600.0,83.0
319750.0,67.0
383600.0,95.0
197300.0,50.0
630500.0,109.0
142200.0,61.0
108500.0,20.0
421000.0,95.0
484100.0,113.0
659200.0,97.0
118200.0,45.0
473000.0,87.0
440300.0,118.0
206171.0,70.0
97200.0,27.0
660500.0,90.0
498300.0,99.0
544800.0,118.0
608600.0,151.0
902500.0,125.0
188200.0,68.0
